Station,ISO_Timestamp,Excel_Timestamp,Temperature (F),Dew Point (F),Wind Direction (°),Wind Speed (km/h),Barometric Pressure (Pa),Visibility (m),Humidity (%),maxTemperatureLast24Hours (%),minTemperatureLast24Hours (%),precipitationLastHour (%),windChill (%),heatIndex (%),Cloud Layers,Text Description,Time Created
"Lincolnton, Lincolnton-Lincoln County Regional Airport",2026-05-03T16:15:00+00:00,46145.677083333336,60.26,31.1,270,9.36,102030,16090,33.09473980147,,,,,,CLR at Nonem,Clear,2026-05-03T16:57:07.098162+00:00
"Lincolnton, Lincolnton-Lincoln County Regional Airport",2026-05-03T15:55:00+00:00,46145.663194444445,60.26,32.18,340,9.36,102030,16090,34.569005105007,,,,,,,,2026-05-03T16:57:07.098300+00:00
"Lincolnton, Lincolnton-Lincoln County Regional Airport",2026-05-03T15:35:00+00:00,46145.649305555555,58.64,30.74,10,5.4,102070,16090,34.55617984752,,,,,,,,2026-05-03T16:57:07.098341+00:00
"Lincolnton, Lincolnton-Lincoln County Regional Airport",2026-05-03T15:15:00+00:00,46145.635416666664,58.1,30.38,260,7.56,102070,16090,34.72080178259,,,,,,CLR at Nonem,Clear,2026-05-03T16:57:07.098368+00:00
"Lincolnton, Lincolnton-Lincoln County Regional Airport",2026-05-03T14:55:00+00:00,46145.62152777778,57.56,29.66,310,11.16,102070,16090,34.379638494767,,,,,,CLR at Nonem,Clear,2026-05-03T16:57:07.098393+00:00
"Lincolnton, Lincolnton-Lincoln County Regional Airport",2026-05-03T14:35:00+00:00,46145.60763888889,56.84,30.02,330,9.36,102070,16090,35.803524476688,,,,,,CLR at Nonem,Clear,2026-05-03T16:57:07.098414+00:00
"Lincolnton, Lincolnton-Lincoln County Regional Airport",2026-05-03T14:15:00+00:00,46145.59375,56.48,30.38,340,12.96,102070,16090,36.806240930952,,,,,,CLR at Nonem,Clear,2026-05-03T16:57:07.098436+00:00
"Lincolnton, Lincolnton-Lincoln County Regional Airport",2026-05-03T13:55:00+00:00,46145.57986111111,54.86,32.0,340,12.96,102030,16090,41.675608166276,,,,,,CLR at Nonem,Clear,2026-05-03T16:57:07.098460+00:00
"Lincolnton, Lincolnton-Lincoln County Regional Airport",2026-05-03T13:35:00+00:00,46145.56597222222,54.5,33.8,360,12.96,102030,16090,45.387969603443,,,,,,CLR at Nonem,Clear,2026-05-03T16:57:07.098481+00:00
"Lincolnton, Lincolnton-Lincoln County Regional Airport",2026-05-03T13:15:00+00:00,46145.552083333336,53.42,35.24,360,11.16,102030,16090,50.001401096942,,,,,,CLR at Nonem,Clear,2026-05-03T16:57:07.098502+00:00
"Lincolnton, Lincolnton-Lincoln County Regional Airport",2026-05-03T12:55:00+00:00,46145.538194444445,51.98,35.96,350,7.56,102030,16090,54.243248379225,,,,,,,,2026-05-03T16:57:07.098535+00:00
"Lincolnton, Lincolnton-Lincoln County Regional Airport",2026-05-03T12:35:00+00:00,46145.524305555555,50.18,36.68,360,7.56,102030,16090,59.650712419396,,,,,,,,2026-05-03T16:57:07.098557+00:00
"Lincolnton, Lincolnton-Lincoln County Regional Airport",2026-05-03T12:15:00+00:00,46145.510416666664,47.84,37.22,0,0,102030,16090,66.49508585373,,,,,,CLR at Nonem,Clear,2026-05-03T16:57:07.098577+00:00
"Lincolnton, Lincolnton-Lincoln County Regional Airport",2026-05-03T11:55:00+00:00,46145.49652777778,44.06,38.48,0,0,102000,16090,80.607038493203,,,,,,CLR at Nonem,Clear,2026-05-03T16:57:07.098599+00:00
"Lincolnton, Lincolnton-Lincoln County Regional Airport",2026-05-03T11:35:00+00:00,46145.48263888889,40.28,37.4,0,0,102000,16090,89.360942298342,,,,,,CLR at Nonem,Clear,2026-05-03T16:57:07.098619+00:00
"Lincolnton, Lincolnton-Lincoln County Regional Airport",2026-05-03T11:15:00+00:00,46145.46875,39.2,35.96,0,0,101970,16090,88.049725942938,,,,,,CLR at Nonem,Clear,2026-05-03T16:57:07.098641+00:00
"Lincolnton, Lincolnton-Lincoln County Regional Airport",2026-05-03T10:55:00+00:00,46145.45486111111,37.76,35.6,0,0,101930,16090,91.833707683289,,,,,,,,2026-05-03T16:57:07.098661+00:00
"Lincolnton, Lincolnton-Lincoln County Regional Airport",2026-05-03T10:35:00+00:00,46145.44097222222,35.96,33.8,0,0,101900,16090,91.769640596099,,,,,,,,2026-05-03T16:57:07.098681+00:00
"Lincolnton, Lincolnton-Lincoln County Regional Airport",2026-05-03T10:15:00+00:00,46145.427083333336,35.6,33.8,260,5.4,101900,16090,93.0873117058,,,,0.5258200831016666,,CLR at Nonem,Clear,2026-05-03T16:57:07.098701+00:00
"Lincolnton, Lincolnton-Lincoln County Regional Airport",2026-05-03T09:55:00+00:00,46145.413194444445,39.74,34.88,0,0,101860,16090,82.601794100794,,,,,,,,2026-05-03T16:57:07.098724+00:00
"Lincolnton, Lincolnton-Lincoln County Regional Airport",2026-05-03T09:35:00+00:00,46145.399305555555,39.74,35.6,0,0,101830,16090,84.99683717175,,,,,,,,2026-05-03T16:57:07.098743+00:00
"Lincolnton, Lincolnton-Lincoln County Regional Airport",2026-05-03T09:15:00+00:00,46145.385416666664,39.38,35.24,360,5.4,101800,16090,84.974363332713,,,,2.9205888979044445,,CLR at Nonem,Clear,2026-05-03T16:57:07.098764+00:00
"Lincolnton, Lincolnton-Lincoln County Regional Airport",2026-05-03T08:55:00+00:00,46145.37152777778,40.82,34.16,0,0,101800,16090,76.972266387946,,,,,,CLR at Nonem,Clear,2026-05-03T16:57:07.098785+00:00
"Lincolnton, Lincolnton-Lincoln County Regional Airport",2026-05-03T08:35:00+00:00,46145.35763888889,41.9,35.06,0,0,101760,16090,76.521233432131,,,,,,CLR at Nonem,Clear,2026-05-03T16:57:07.098806+00:00
"Lincolnton, Lincolnton-Lincoln County Regional Airport",2026-05-03T08:15:00+00:00,46145.34375,39.56,36.14,0,0,101760,16090,87.443654295711,,,,,,CLR at Nonem,Clear,2026-05-03T16:57:07.098826+00:00
"Lincolnton, Lincolnton-Lincoln County Regional Airport",2026-05-03T07:55:00+00:00,46145.32986111111,40.64,34.52,0,0,101760,16090,78.630993856555,,,,,,,,2026-05-03T16:57:07.098845+00:00
"Lincolnton, Lincolnton-Lincoln County Regional Airport",2026-05-03T07:35:00+00:00,46145.31597222222,39.02,34.88,240,7.56,101730,16090,84.951840572729,,,,1.9813261382611111,,,,2026-05-03T16:57:07.098864+00:00
"Lincolnton, Lincolnton-Lincoln County Regional Airport",2026-05-03T07:15:00+00:00,46145.302083333336,39.92,34.88,10,7.56,101660,16090,82.025673839863,,,,2.56585870394,,CLR at Nonem,Clear,2026-05-03T16:57:07.098885+00:00
"Lincolnton, Lincolnton-Lincoln County Regional Airport",2026-05-03T06:55:00+00:00,46145.288194444445,37.04,35.78,360,9.36,101660,16090,95.146234482948,,,,0.2027184125,,,,2026-05-03T16:57:07.098907+00:00
"Lincolnton, Lincolnton-Lincoln County Regional Airport",2026-05-03T06:35:00+00:00,46145.274305555555,37.4,35.78,0,0,101660,16090,93.808104733973,,,,,,,,2026-05-03T16:57:07.098928+00:00
"Lincolnton, Lincolnton-Lincoln County Regional Airport",2026-05-03T06:15:00+00:00,46145.260416666664,38.660000000000004,35.96,0,0,101660,16090,89.92573680015,,,,,,CLR at Nonem,Clear,2026-05-03T16:57:07.098947+00:00
"Lincolnton, Lincolnton-Lincoln County Regional Airport",2026-05-03T05:55:00+00:00,46145.24652777778,40.46,37.76,0,0,101660,16090,90.002935892108,,,,,,CLR at Nonem,Clear,2026-05-03T16:57:07.098969+00:00
"Lincolnton, Lincolnton-Lincoln County Regional Airport",2026-05-03T05:35:00+00:00,46145.23263888889,40.46,37.76,0,0,101660,16090,90.002935892108,,,,,,CLR at Nonem,Clear,2026-05-03T16:57:07.098988+00:00
"Lincolnton, Lincolnton-Lincoln County Regional Airport",2026-05-03T05:15:00+00:00,46145.21875,40.1,37.58,0,0,101660,16090,90.626326723305,,,,,,CLR at Nonem,Clear,2026-05-03T16:57:07.099009+00:00
"Lincolnton, Lincolnton-Lincoln County Regional Airport",2026-05-03T04:55:00+00:00,46145.20486111111,41.9,38.12,0,0,101660,16090,86.34104210122,,,,,,CLR at Nonem,Clear,2026-05-03T16:57:07.099029+00:00
"Lincolnton, Lincolnton-Lincoln County Regional Airport",2026-05-03T04:35:00+00:00,46145.19097222222,42.08,37.58,0,0,101630,16090,83.947202243283,,,,,,,,2026-05-03T16:57:07.099048+00:00
"Lincolnton, Lincolnton-Lincoln County Regional Airport",2026-05-03T04:15:00+00:00,46145.177083333336,43.519999999999996,38.839999999999996,0,0,101630,16090,83.453270058925,,,,,,,,2026-05-03T16:57:07.099067+00:00
"Lincolnton, Lincolnton-Lincoln County Regional Airport",2026-05-03T03:55:00+00:00,46145.163194444445,42.980000000000004,38.48,0,0,101590,16090,84.006422036591,,,,,,CLR at Nonem,Clear,2026-05-03T16:57:07.099089+00:00
"Lincolnton, Lincolnton-Lincoln County Regional Airport",2026-05-03T03:35:00+00:00,46145.149305555555,44.42,37.58,0,0,101590,16090,76.752099407485,,,,,,CLR at Nonem,Clear,2026-05-03T16:57:07.099111+00:00
"Lincolnton, Lincolnton-Lincoln County Regional Airport",2026-05-03T03:15:00+00:00,46145.135416666664,44.96,37.94,0,0,101590,16090,76.261148548036,,,,,,CLR at Nonem,Clear,2026-05-03T16:57:07.099461+00:00
"Lincolnton, Lincolnton-Lincoln County Regional Airport",2026-05-03T02:55:00+00:00,46145.12152777778,49.28,39.2,0,0,101560,16090,68.089389695685,,,,,,SCT at 3350m,Partly Cloudy,2026-05-03T16:57:07.099485+00:00
"Lincolnton, Lincolnton-Lincoln County Regional Airport",2026-05-03T02:35:00+00:00,46145.10763888889,50.0,41.72,360,5.4,101560,16090,73.092844664432,,,,,,,,2026-05-03T16:57:07.099503+00:00
"Lincolnton, Lincolnton-Lincoln County Regional Airport",2026-05-03T02:15:00+00:00,46145.09375,53.24,36.86,10,5.4,101520,16090,53.662781550417,,,,,,,,2026-05-03T16:57:07.099520+00:00
"Lincolnton, Lincolnton-Lincoln County Regional Airport",2026-05-03T01:55:00+00:00,46145.07986111111,52.52,42.08,0,0,101520,16090,67.522054641315,,,,,,BKN at 3050m,Mostly Cloudy,2026-05-03T16:57:07.099537+00:00
"Lincolnton, Lincolnton-Lincoln County Regional Airport",2026-05-03T01:35:00+00:00,46145.06597222222,51.26,43.7,10,5.4,101460,16090,75.266387947681,,,,,,OVC at 3350m,Cloudy,2026-05-03T16:57:07.099556+00:00
"Lincolnton, Lincolnton-Lincoln County Regional Airport",2026-05-03T01:15:00+00:00,46145.052083333336,52.879999999999995,44.239999999999995,0,0,101420,16090,72.383544615293,,,,,,OVC at 3050m,Cloudy,2026-05-03T16:57:07.099574+00:00
"Lincolnton, Lincolnton-Lincoln County Regional Airport",2026-05-03T00:55:00+00:00,46145.038194444445,52.52,43.34,0,0,101420,16090,70.868105485895,,,,,,,,2026-05-03T16:57:07.099592+00:00
"Lincolnton, Lincolnton-Lincoln County Regional Airport",2026-05-03T00:35:00+00:00,46145.024305555555,53.78,43.16,0,0,101390,16090,67.204378285511,,,,,,,,2026-05-03T16:57:07.099609+00:00
"Lincolnton, Lincolnton-Lincoln County Regional Airport",2026-05-03T00:15:00+00:00,46145.010416666664,53.96,41.36,0,0,101360,16090,62.297851630867,,,,,,,,2026-05-03T16:57:07.099625+00:00
"Lincolnton, Lincolnton-Lincoln County Regional Airport",2026-05-02T23:55:00+00:00,46144.99652777778,55.58,41.9,0,0,101290,16090,59.966532238388,,,,,,BKN at 3050m,Mostly Cloudy,2026-05-03T16:57:07.099642+00:00
"Lincolnton, Lincolnton-Lincoln County Regional Airport",2026-05-02T23:35:00+00:00,46144.98263888889,57.92,38.3,180,5.4,101250,16090,47.919491872187,,,,,,,,2026-05-03T16:57:07.099658+00:00
"Lincolnton, Lincolnton-Lincoln County Regional Airport",2026-05-02T23:15:00+00:00,46144.96875,58.459999999999994,39.56,200,5.4,101220,16090,49.370223787252,,,,,,,,2026-05-03T16:57:07.099675+00:00
"Lincolnton, Lincolnton-Lincoln County Regional Airport",2026-05-02T22:55:00+00:00,46144.95486111111,59.9,37.4,0,0,101220,16090,43.095543399789,,,,,,,,2026-05-03T16:57:07.099695+00:00
"Lincolnton, Lincolnton-Lincoln County Regional Airport",2026-05-02T22:35:00+00:00,46144.94097222222,61.16,36.5,180,5.4,101190,16090,39.774621859253,,,,,,,,2026-05-03T16:57:07.099712+00:00
"Lincolnton, Lincolnton-Lincoln County Regional Airport",2026-05-02T22:15:00+00:00,46144.927083333336,62.6,36.86,130,5.4,101190,16090,38.343821166619,,,,,,CLR at Nonem,Clear,2026-05-03T16:57:07.099730+00:00
"Lincolnton, Lincolnton-Lincoln County Regional Airport",2026-05-02T21:55:00+00:00,46144.913194444445,63.14,36.14,0,0,101190,16090,36.568648215388,,,,,,,,2026-05-03T16:57:07.099747+00:00
"Lincolnton, Lincolnton-Lincoln County Regional Airport",2026-05-02T21:35:00+00:00,46144.899305555555,63.5,36.5,100,7.56,101150,16090,36.626875181015,,,,,,,,2026-05-03T16:57:07.099764+00:00
"Lincolnton, Lincolnton-Lincoln County Regional Airport",2026-05-02T21:15:00+00:00,46144.885416666664,62.78,35.06,250,7.56,101150,16090,35.482413264485,,,,,,CLR at Nonem,Clear,2026-05-03T16:57:07.099781+00:00
"Lincolnton, Lincolnton-Lincoln County Regional Airport",2026-05-02T20:55:00+00:00,46144.87152777778,62.42,34.34,0,0,101190,16090,34.919791884158,,,,,,,,2026-05-03T16:57:07.099799+00:00
"Lincolnton, Lincolnton-Lincoln County Regional Airport",2026-05-02T20:35:00+00:00,46144.85763888889,62.78,34.52,0,0,101150,16090,34.728349790776,,,,,,,,2026-05-03T16:57:07.099816+00:00
"Lincolnton, Lincolnton-Lincoln County Regional Airport",2026-05-02T20:15:00+00:00,46144.84375,62.24,33.98,0,0,101190,16090,34.640869190647,,,,,,SCT at 2440m,Partly Cloudy,2026-05-03T16:57:07.099833+00:00
"Lincolnton, Lincolnton-Lincoln County Regional Airport",2026-05-02T19:55:00+00:00,46144.82986111111,61.7,33.62,0,0,101220,16090,34.803028108153,,,,,,,,2026-05-03T16:57:07.099849+00:00
"Lincolnton, Lincolnton-Lincoln County Regional Airport",2026-05-02T19:35:00+00:00,46144.81597222222,60.26,34.34,0,0,101250,16090,37.693270812418,,,,,,,,2026-05-03T16:57:07.099865+00:00
"Lincolnton, Lincolnton-Lincoln County Regional Airport",2026-05-02T19:15:00+00:00,46144.802083333336,59.540000000000006,33.44,0,0,101250,16090,37.306481858595,,,,,,BKN at 1830m; OVC at 2740m,Cloudy,2026-05-03T16:57:07.099884+00:00
"Lincolnton, Lincolnton-Lincoln County Regional Airport",2026-05-02T18:55:00+00:00,46144.788194444445,60.08,34.34,60,9.36,101290,16090,37.93531917093,,,,,,,,2026-05-03T16:57:07.099902+00:00
"Lincolnton, Lincolnton-Lincoln County Regional Airport",2026-05-02T18:35:00+00:00,46144.774305555555,58.1,33.8,0,0,101290,16090,39.84792652143,,,,,,,,2026-05-03T16:57:07.099932+00:00
"Lincolnton, Lincolnton-Lincoln County Regional Airport",2026-05-02T18:15:00+00:00,46144.760416666664,57.379999999999995,35.24,60,9.36,101320,16090,43.306223896121,,,,,,OVC at 1830m,Cloudy,2026-05-03T16:57:07.099949+00:00
"Lincolnton, Lincolnton-Lincoln County Regional Airport",2026-05-02T17:55:00+00:00,46144.74652777778,58.1,35.06,50,7.56,101320,16090,41.899523080698,,,,,,OVC at 1830m,Cloudy,2026-05-03T16:57:07.099968+00:00
"Lincolnton, Lincolnton-Lincoln County Regional Airport",2026-05-02T17:35:00+00:00,46144.73263888889,56.84,35.42,30,7.56,101360,16090,44.473655250869,,,,,,BKN at 1520m; OVC at 2440m,Cloudy,2026-05-03T16:57:07.099986+00:00
"Lincolnton, Lincolnton-Lincoln County Regional Airport",2026-05-02T17:15:00+00:00,46144.71875,56.3,33.98,60,14.76,101360,16090,42.823826759398,,,,,,OVC at 1520m,Cloudy,2026-05-03T16:57:07.100004+00:00
"Lincolnton, Lincolnton-Lincoln County Regional Airport",2026-05-02T16:55:00+00:00,46144.70486111111,56.120000000000005,33.98,40,18.36,101390,16090,43.103574230734,,,,,,OVC at 1520m,Cloudy,2026-05-03T16:57:07.100021+00:00
"Lincolnton, Lincolnton-Lincoln County Regional Airport",2026-05-02T16:35:00+00:00,46144.69097222222,55.94,34.16,40,11.16,101420,16090,43.698161332528,,,,,,OVC at 1520m,Cloudy,2026-05-03T16:57:07.100041+00:00
"Lincolnton, Lincolnton-Lincoln County Regional Airport",2026-05-02T16:10:00+00:00,46144.67361111111,55.58,35.78,40,14.76,101420,16090,47.216527952424,,,,,,OVC at 1520m,Cloudy,2026-05-03T16:57:07.100059+00:00
"Lincolnton, Lincolnton-Lincoln County Regional Airport",2026-05-02T15:55:00+00:00,46144.663194444445,55.76,34.52,50,11.16,101460,16090,44.619783299911,,,,,,OVC at 1520m,Cloudy,2026-05-03T16:57:07.100076+00:00
"Lincolnton, Lincolnton-Lincoln County Regional Airport",2026-05-02T15:35:00+00:00,46144.649305555555,54.86,37.22,40,18.36,101420,16090,51.302582954016,,,,,,OVC at 1520m,Cloudy,2026-05-03T16:57:07.100094+00:00
"Lincolnton, Lincolnton-Lincoln County Regional Airport",2026-05-02T15:15:00+00:00,46144.635416666664,54.5,39.92,20,12.96,101460,16090,57.767979116854,,,,,,OVC at 1520m,Cloudy,2026-05-03T16:57:07.100111+00:00
"Lincolnton, Lincolnton-Lincoln County Regional Airport",2026-05-02T14:55:00+00:00,46144.62152777778,54.68,40.64,40,12.96,101460,16090,59.016517510041,,,,,,OVC at 1520m,Cloudy,2026-05-03T16:57:07.100129+00:00
"Lincolnton, Lincolnton-Lincoln County Regional Airport",2026-05-02T14:35:00+00:00,46144.60763888889,54.68,41.36,50,9.36,101420,16090,60.683222955576,,,,,,OVC at 1520m,Cloudy,2026-05-03T16:57:07.100146+00:00
"Lincolnton, Lincolnton-Lincoln County Regional Airport",2026-05-02T14:15:00+00:00,46144.59375,54.86,41.9,50,11.16,101390,16090,61.555781730913,,,,,,BKN at 1460m; OVC at 1830m,Cloudy,2026-05-03T16:57:07.100164+00:00
"Lincolnton, Lincolnton-Lincoln County Regional Airport",2026-05-02T13:55:00+00:00,46144.57986111111,54.68,42.260000000000005,30,5.4,101420,16090,62.825037999524,,,,,,OVC at 1460m,Cloudy,2026-05-03T16:57:07.100181+00:00
"Lincolnton, Lincolnton-Lincoln County Regional Airport",2026-05-02T13:35:00+00:00,46144.56597222222,54.5,42.08,40,7.56,101420,16090,62.801865331243,,,,,,OVC at 1400m,Cloudy,2026-05-03T16:57:07.100230+00:00
"Lincolnton, Lincolnton-Lincoln County Regional Airport",2026-05-02T13:15:00+00:00,46144.552083333336,54.32,42.8,40,5.4,101390,16090,64.989014189939,,,,,,OVC at 1400m,Cloudy,2026-05-03T16:57:07.100249+00:00
"Lincolnton, Lincolnton-Lincoln County Regional Airport",2026-05-02T12:55:00+00:00,46144.538194444445,53.96,42.44,40,9.36,101390,16090,64.944555873481,,,,,,,,2026-05-03T16:57:07.100267+00:00
"Lincolnton, Lincolnton-Lincoln County Regional Airport",2026-05-02T12:35:00+00:00,46144.524305555555,53.78,42.620000000000005,30,9.36,101360,16090,65.826776962302,,,,,,,,2026-05-03T16:57:07.100284+00:00
"Lincolnton, Lincolnton-Lincoln County Regional Airport",2026-05-02T12:15:00+00:00,46144.510416666664,53.96,42.620000000000005,40,11.16,101360,16090,65.395203609238,,,,,,OVC at 1340m,Cloudy,2026-05-03T16:57:07.100301+00:00
"Lincolnton, Lincolnton-Lincoln County Regional Airport",2026-05-02T11:55:00+00:00,46144.49652777778,53.78,43.34,40,11.16,101290,16090,67.669206380478,,,,,,BKN at 1280m; OVC at 1520m,Cloudy,2026-05-03T16:57:07.100320+00:00
"Lincolnton, Lincolnton-Lincoln County Regional Airport",2026-05-02T11:35:00+00:00,46144.48263888889,53.96,43.7,40,14.76,101360,16090,68.157589266507,,,,,,BKN at 1280m; OVC at 1520m,Cloudy,2026-05-03T16:57:07.100338+00:00
"Lincolnton, Lincolnton-Lincoln County Regional Airport",2026-05-02T11:15:00+00:00,46144.46875,54.32,44.239999999999995,40,11.16,101320,16090,68.668781226241,,,,,,OVC at 1220m,Cloudy,2026-05-03T16:57:07.100357+00:00
"Lincolnton, Lincolnton-Lincoln County Regional Airport",2026-05-02T10:55:00+00:00,46144.45486111111,53.96,45.14,30,9.36,101250,16090,72.000913428728,,,,,,,,2026-05-03T16:57:07.100374+00:00
"Lincolnton, Lincolnton-Lincoln County Regional Airport",2026-05-02T10:35:00+00:00,46144.44097222222,53.78,45.86,60,11.16,101250,16090,74.481700835233,,,,,,,,2026-05-03T16:57:07.100391+00:00
"Lincolnton, Lincolnton-Lincoln County Regional Airport",2026-05-02T10:15:00+00:00,46144.427083333336,53.96,46.94,40,7.56,101290,16090,77.073390888716,,,,,,OVC at 980m,Cloudy,2026-05-03T16:57:07.100408+00:00
"Lincolnton, Lincolnton-Lincoln County Regional Airport",2026-05-02T09:55:00+00:00,46144.413194444445,53.78,49.64,50,11.16,101250,16090,85.836566400459,,,,,,,,2026-05-03T16:57:07.100425+00:00
"Lincolnton, Lincolnton-Lincoln County Regional Airport",2026-05-02T09:35:00+00:00,46144.399305555555,53.24,51.26,60,7.56,101290,16090,92.97225804924,,,,,,,,2026-05-03T16:57:07.100441+00:00
"Lincolnton, Lincolnton-Lincoln County Regional Airport",2026-05-02T09:15:00+00:00,46144.385416666664,52.879999999999995,51.08,50,5.4,101320,16090,93.582877872293,,,,,,SCT at 670m; SCT at 1190m; OVC at 2130m,Light Rain,2026-05-03T16:57:07.100460+00:00
"Lincolnton, Lincolnton-Lincoln County Regional Airport",2026-05-02T08:55:00+00:00,46144.37152777778,52.879999999999995,50.72,0,0,101360,16090,92.343939837859,,,,,,,,2026-05-03T16:57:07.100478+00:00
"Lincolnton, Lincolnton-Lincoln County Regional Airport",2026-05-02T08:35:00+00:00,46144.35763888889,52.52,50.54,0,0,101320,16090,92.950896392894,,,,,,,,2026-05-03T16:57:07.100495+00:00
"Lincolnton, Lincolnton-Lincoln County Regional Airport",2026-05-02T08:15:00+00:00,46144.34375,52.879999999999995,50.72,0,0,101290,16090,92.343939837859,,,,,,SCT at 2130m; BKN at 2740m,Light Drizzle,2026-05-03T16:57:07.100513+00:00
"Lincolnton, Lincolnton-Lincoln County Regional Airport",2026-05-02T07:55:00+00:00,46144.32986111111,53.42,50.36,0,0,101290,16090,89.333477970903,,,,,,OVC at 2740m,Cloudy,2026-05-03T16:57:07.100530+00:00
"Lincolnton, Lincolnton-Lincoln County Regional Airport",2026-05-02T07:35:00+00:00,46144.31597222222,54.32,50.36,0,0,101250,16090,86.443183640973,,,,,,OVC at 2740m,Cloudy,2026-05-03T16:57:07.100547+00:00
"Lincolnton, Lincolnton-Lincoln County Regional Airport",2026-05-02T07:15:00+00:00,46144.302083333336,53.6,50.54,0,0,101220,16090,89.341404991432,,,,,,OVC at 3050m,Cloudy,2026-05-03T16:57:07.100565+00:00
"Lincolnton, Lincolnton-Lincoln County Regional Airport",2026-05-02T06:55:00+00:00,46144.288194444445,52.7,50.36,0,0,101190,16090,91.72367282807,,,,,,,,2026-05-03T16:57:07.100581+00:00
"Lincolnton, Lincolnton-Lincoln County Regional Airport",2026-05-02T06:35:00+00:00,46144.274305555555,51.98,50.36,0,0,101190,16090,94.185647528651,,,,,,,,2026-05-03T16:57:07.100597+00:00
"Lincolnton, Lincolnton-Lincoln County Regional Airport",2026-05-02T06:15:00+00:00,46144.260416666664,52.34,50.0,0,0,101220,16090,91.711174716771,,,,,,BKN at 3660m,Mostly Cloudy,2026-05-03T16:57:07.100614+00:00
"Lincolnton, Lincolnton-Lincoln County Regional Airport",2026-05-02T05:55:00+00:00,46144.24652777778,52.52,50.18,0,0,101250,16090,91.717427253007,,,,,,,,2026-05-03T16:57:07.100631+00:00
"Lincolnton, Lincolnton-Lincoln County Regional Airport",2026-05-02T05:35:00+00:00,46144.23263888889,52.16,49.64,0,0,101250,16090,91.092730377446,,,,,,,,2026-05-03T16:57:07.100648+00:00
"Lincolnton, Lincolnton-Lincoln County Regional Airport",2026-05-02T05:15:00+00:00,46144.21875,52.7,49.64,0,0,101250,16090,89.301683161625,,,,,,CLR at Nonem,Clear,2026-05-03T16:57:07.100665+00:00
"Lincolnton, Lincolnton-Lincoln County Regional Airport",2026-05-02T04:55:00+00:00,46144.20486111111,52.16,49.46,0,0,101290,16090,90.48415264994,,,,,,,,2026-05-03T16:57:07.100681+00:00
"Lincolnton, Lincolnton-Lincoln County Regional Airport",2026-05-02T04:35:00+00:00,46144.19097222222,52.879999999999995,49.46,0,0,101290,16090,88.120767830185,,,,,,,,2026-05-03T16:57:07.100698+00:00
"Lincolnton, Lincolnton-Lincoln County Regional Airport",2026-05-02T04:15:00+00:00,46144.177083333336,52.7,49.64,0,0,101290,16090,89.301683161625,,,,,,CLR at Nonem,Clear,2026-05-03T16:57:07.100715+00:00
"Lincolnton, Lincolnton-Lincoln County Regional Airport",2026-05-02T03:55:00+00:00,46144.163194444445,52.52,49.46,0,0,101320,16090,89.293712715748,,,,,,,,2026-05-03T16:57:07.100732+00:00
"Lincolnton, Lincolnton-Lincoln County Regional Airport",2026-05-02T03:35:00+00:00,46144.149305555555,53.78,49.28,0,0,101320,16090,84.693024118328,,,,,,,,2026-05-03T16:57:07.100748+00:00
"Lincolnton, Lincolnton-Lincoln County Regional Airport",2026-05-02T03:15:00+00:00,46144.135416666664,54.32,49.64,0,0,101320,16090,84.160626793239,,,,,,CLR at Nonem,Clear,2026-05-03T16:57:07.100765+00:00
"Lincolnton, Lincolnton-Lincoln County Regional Airport",2026-05-02T02:50:00+00:00,46144.118055555555,54.68,50.0,0,0,101360,16090,84.183445932451,,,,,,CLR at Nonem,Clear,2026-05-03T16:57:07.100782+00:00
"Lincolnton, Lincolnton-Lincoln County Regional Airport",2026-05-02T02:35:00+00:00,46144.10763888889,54.32,49.28,0,0,101360,16090,83.039411916357,,,,,,CLR at Nonem,Clear,2026-05-03T16:57:07.100799+00:00
"Lincolnton, Lincolnton-Lincoln County Regional Airport",2026-05-02T02:15:00+00:00,46144.09375,54.68,49.46,0,0,101360,16090,82.508751255752,,,,,,CLR at Nonem,Clear,2026-05-03T16:57:07.100816+00:00
"Lincolnton, Lincolnton-Lincoln County Regional Airport",2026-05-02T01:55:00+00:00,46144.07986111111,55.4,49.1,0,0,101360,16090,79.305244365405,,,,,,CLR at Nonem,Clear,2026-05-03T16:57:07.100833+00:00
"Lincolnton, Lincolnton-Lincoln County Regional Airport",2026-05-02T01:35:00+00:00,46144.06597222222,56.66,49.1,0,0,101320,16090,75.769034368791,,,,,,CLR at Nonem,Clear,2026-05-03T16:57:07.100850+00:00
"Lincolnton, Lincolnton-Lincoln County Regional Airport",2026-05-02T01:15:00+00:00,46144.052083333336,57.2,48.56,0,0,101320,16090,72.823814063061,,,,,,CLR at Nonem,Clear,2026-05-03T16:57:07.100867+00:00
"Lincolnton, Lincolnton-Lincoln County Regional Airport",2026-05-02T00:55:00+00:00,46144.038194444445,58.1,48.56,0,0,101320,16090,70.505361537964,,,,,,,,2026-05-03T16:57:07.100884+00:00
"Lincolnton, Lincolnton-Lincoln County Regional Airport",2026-05-02T00:35:00+00:00,46144.024305555555,59.18,48.2,0,0,101290,16090,66.923710548553,,,,,,,,2026-05-03T16:57:07.100901+00:00
"Lincolnton, Lincolnton-Lincoln County Regional Airport",2026-05-02T00:15:00+00:00,46144.010416666664,59.9,47.66,0,0,101250,16090,63.919603605354,,,,,,CLR at Nonem,Clear,2026-05-03T16:57:07.100918+00:00
"Lincolnton, Lincolnton-Lincoln County Regional Airport",2026-05-01T23:55:00+00:00,46143.99652777778,60.440000000000005,47.66,0,0,101220,16090,62.703865947069,,,,,,CLR at Nonem,Clear,2026-05-03T16:57:07.100955+00:00
"Lincolnton, Lincolnton-Lincoln County Regional Airport",2026-05-01T23:35:00+00:00,46143.98263888889,61.519999999999996,47.48,0,0,101190,16090,59.942654354541,,,,,,CLR at Nonem,Clear,2026-05-03T16:57:07.100975+00:00
"Lincolnton, Lincolnton-Lincoln County Regional Airport",2026-05-01T23:15:00+00:00,46143.96875,62.6,47.120000000000005,0,0,101190,16090,56.925993734958,,,,,,CLR at Nonem,Clear,2026-05-03T16:57:07.100993+00:00
"Lincolnton, Lincolnton-Lincoln County Regional Airport",2026-05-01T22:55:00+00:00,46143.95486111111,63.32,46.76,170,5.4,101190,16090,54.756192556369,,,,,,,,2026-05-03T16:57:07.101010+00:00
"Lincolnton, Lincolnton-Lincoln County Regional Airport",2026-05-01T22:35:00+00:00,46143.94097222222,64.22,46.76,180,7.56,101190,16090,53.057416289913,,,,,,,,2026-05-03T16:57:07.101026+00:00
"Lincolnton, Lincolnton-Lincoln County Regional Airport",2026-05-01T22:15:00+00:00,46143.927083333336,65.12,46.22,160,5.4,101190,16090,50.380103329761,,,,,,,,2026-05-03T16:57:07.101043+00:00
"Lincolnton, Lincolnton-Lincoln County Regional Airport",2026-05-01T21:55:00+00:00,46143.913194444445,64.58,44.96,160,5.4,101190,16090,48.943595103717,,,,,,CLR at Nonem,Clear,2026-05-03T16:57:07.101060+00:00
"Lincolnton, Lincolnton-Lincoln County Regional Airport",2026-05-01T21:35:00+00:00,46143.899305555555,65.12,45.14,200,7.56,101220,16090,48.360513119051,,,,,,CLR at Nonem,Clear,2026-05-03T16:57:07.101078+00:00
"Lincolnton, Lincolnton-Lincoln County Regional Airport",2026-05-01T21:15:00+00:00,46143.885416666664,65.84,44.42,200,9.36,101220,16090,45.891022099284,,,,,,CLR at Nonem,Clear,2026-05-03T16:57:07.101095+00:00
"Lincolnton, Lincolnton-Lincoln County Regional Airport",2026-05-01T20:55:00+00:00,46143.87152777778,66.2,44.42,180,9.36,101250,16090,45.321576181554,,,,,,CLR at Nonem,Clear,2026-05-03T16:57:07.101112+00:00
"Lincolnton, Lincolnton-Lincoln County Regional Airport",2026-05-01T20:35:00+00:00,46143.85763888889,66.02,43.519999999999996,160,7.56,101250,16090,44.06519118757,,,,,,CLR at Nonem,Clear,2026-05-03T16:57:07.101130+00:00
"Lincolnton, Lincolnton-Lincoln County Regional Airport",2026-05-01T20:15:00+00:00,46143.84375,66.38,43.34,170,11.16,101250,16090,43.220118799573,,,,,,CLR at Nonem,Clear,2026-05-03T16:57:07.101147+00:00
"Lincolnton, Lincolnton-Lincoln County Regional Airport",2026-05-01T19:55:00+00:00,46143.82986111111,65.12,42.44,140,7.56,101290,16090,43.621002800741,,,,,,CLR at Nonem,Clear,2026-05-03T16:57:07.101164+00:00
"Lincolnton, Lincolnton-Lincoln County Regional Airport",2026-05-01T19:35:00+00:00,46143.81597222222,64.94,42.260000000000005,150,5.4,101320,16090,43.592609794503,,,,,,CLR at Nonem,Clear,2026-05-03T16:57:07.101182+00:00
"Lincolnton, Lincolnton-Lincoln County Regional Airport",2026-05-01T19:15:00+00:00,46143.802083333336,65.48,42.44,180,7.56,101390,16090,43.078078195978,,,,,,CLR at Nonem,Clear,2026-05-03T16:57:07.101199+00:00
"Lincolnton, Lincolnton-Lincoln County Regional Airport",2026-05-01T18:55:00+00:00,46143.788194444445,66.74000000000001,42.620000000000005,160,7.56,101420,16090,41.522848551775,,,,,,CLR at Nonem,Clear,2026-05-03T16:57:07.101217+00:00
"Lincolnton, Lincolnton-Lincoln County Regional Airport",2026-05-01T18:35:00+00:00,46143.774305555555,66.74000000000001,42.260000000000005,130,9.36,101420,16090,40.952312866443,,,,,,SCT at 1430m,Partly Cloudy,2026-05-03T16:57:07.101235+00:00
"Lincolnton, Lincolnton-Lincoln County Regional Airport",2026-05-01T18:15:00+00:00,46143.760416666664,66.02,41.36,120,9.36,101420,16090,40.554889806532,,,,,,CLR at Nonem,Clear,2026-05-03T16:57:07.101254+00:00
"Lincolnton, Lincolnton-Lincoln County Regional Airport",2026-05-01T17:55:00+00:00,46143.74652777778,64.04,39.92,290,5.4,101420,16090,41.092708039764,,,,,,SCT at 1520m; SCT at 1830m,Partly Cloudy,2026-05-03T16:57:07.101272+00:00
"Lincolnton, Lincolnton-Lincoln County Regional Airport",2026-05-01T17:35:00+00:00,46143.73263888889,64.04,39.92,100,11.16,101460,16090,41.092708039764,,,,,,OVC at 1520m,Cloudy,2026-05-03T16:57:07.101290+00:00
"Lincolnton, Lincolnton-Lincoln County Regional Airport",2026-05-01T17:15:00+00:00,46143.71875,64.22,39.2,140,9.36,101520,16090,39.706176836897,,,,,,,,2026-05-03T16:57:07.101307+00:00
"Lincolnton, Lincolnton-Lincoln County Regional Airport",2026-05-01T16:55:00+00:00,46143.70486111111,63.14,40.1,150,7.56,101490,16090,42.707055693423,,,,,,SCT at 1520m,Partly Cloudy,2026-05-03T16:57:07.101324+00:00
"Lincolnton, Lincolnton-Lincoln County Regional Airport",2026-05-01T16:35:00+00:00,46143.69097222222,63.14,38.660000000000004,100,5.4,101520,16090,40.376898717798,,,,,,CLR at Nonem,Clear,2026-05-03T16:57:07.101341+00:00
"Lincolnton, Lincolnton-Lincoln County Regional Airport",2026-05-01T16:15:00+00:00,46143.677083333336,62.42,38.660000000000004,110,7.56,101590,16090,41.412268410577,,,,,,BKN at 1830m,Mostly Cloudy,2026-05-03T16:57:07.101359+00:00
"Lincolnton, Lincolnton-Lincoln County Regional Airport",2026-05-01T15:55:00+00:00,46143.663194444445,61.34,38.48,10,7.56,101630,16090,42.719854472928,,,,,,,,2026-05-03T16:57:07.101377+00:00
"Lincolnton, Lincolnton-Lincoln County Regional Airport",2026-05-01T15:35:00+00:00,46143.649305555555,59.36,37.22,130,5.4,101630,16090,43.623160004189,,,,,,,,2026-05-03T16:57:07.101394+00:00
"Lincolnton, Lincolnton-Lincoln County Regional Airport",2026-05-01T15:15:00+00:00,46143.635416666664,60.26,38.3,70,9.36,101630,16090,44.076268637272,,,,,,CLR at Nonem,Clear,2026-05-03T16:57:07.101411+00:00
"Lincolnton, Lincolnton-Lincoln County Regional Airport",2026-05-01T14:55:00+00:00,46143.62152777778,59.18,37.94,120,9.36,101630,16090,45.163784424561,,,,,,,,2026-05-03T16:57:07.101428+00:00
"Lincolnton, Lincolnton-Lincoln County Regional Airport",2026-05-01T14:35:00+00:00,46143.60763888889,58.82,36.68,100,9.36,101630,16090,43.536906386795,,,,,,,,2026-05-03T16:57:07.101445+00:00
"Lincolnton, Lincolnton-Lincoln County Regional Airport",2026-05-01T14:15:00+00:00,46143.59375,57.74,36.68,40,16.56,101630,16090,45.255703891081,,,,,,CLR at Nonem,Clear,2026-05-03T16:57:07.101462+00:00
"Lincolnton, Lincolnton-Lincoln County Regional Airport",2026-05-01T13:55:00+00:00,46143.57986111111,57.379999999999995,37.22,80,12.96,101630,16090,46.831077278776,,,,,,,,2026-05-03T16:57:07.101479+00:00
"Lincolnton, Lincolnton-Lincoln County Regional Airport",2026-05-01T13:35:00+00:00,46143.56597222222,55.94,37.04,70,9.36,101630,16090,48.981917189132,,,,,,,,2026-05-03T16:57:07.101496+00:00
"Lincolnton, Lincolnton-Lincoln County Regional Airport",2026-05-01T13:15:00+00:00,46143.552083333336,55.76,36.86,50,11.16,101630,16090,48.954050228336,,,,,,CLR at Nonem,Clear,2026-05-03T16:57:07.101513+00:00
"Lincolnton, Lincolnton-Lincoln County Regional Airport",2026-05-01T12:55:00+00:00,46143.538194444445,54.86,37.04,70,11.16,101630,16090,50.940400948162,,,,,,CLR at Nonem,Clear,2026-05-03T16:57:07.101530+00:00
"Lincolnton, Lincolnton-Lincoln County Regional Airport",2026-05-01T12:35:00+00:00,46143.524305555555,54.5,37.04,80,7.56,101590,16090,51.612590012008,,,,,,SCT at 1680m,Partly Cloudy,2026-05-03T16:57:07.101548+00:00
"Lincolnton, Lincolnton-Lincoln County Regional Airport",2026-05-01T12:15:00+00:00,46143.510416666664,53.78,37.4,70,11.16,101590,16090,53.742796707421,,,,,,SCT at 1680m,Partly Cloudy,2026-05-03T16:57:07.101565+00:00
"Lincolnton, Lincolnton-Lincoln County Regional Airport",2026-05-01T11:55:00+00:00,46143.49652777778,52.879999999999995,37.04,70,7.56,101590,16090,54.762863762106,,,,,,,,2026-05-03T16:57:07.101583+00:00
"Lincolnton, Lincolnton-Lincoln County Regional Airport",2026-05-01T11:35:00+00:00,46143.48263888889,52.16,36.68,60,5.4,101560,16090,55.439479196937,,,,,,,,2026-05-03T16:57:07.101600+00:00
"Lincolnton, Lincolnton-Lincoln County Regional Airport",2026-05-01T11:15:00+00:00,46143.46875,51.98,36.5,70,5.4,101560,16090,55.413293597663,,,,,,BKN at 2130m,Mostly Cloudy,2026-05-03T16:57:07.101617+00:00
"Lincolnton, Lincolnton-Lincoln County Regional Airport",2026-05-01T10:55:00+00:00,46143.45486111111,51.8,37.58,50,5.4,101560,16090,58.205525971959,,,,,,,,2026-05-03T16:57:07.101634+00:00
"Lincolnton, Lincolnton-Lincoln County Regional Airport",2026-05-01T10:35:00+00:00,46143.44097222222,52.7,37.04,50,7.56,101560,16090,55.125980481548,,,,,,,,2026-05-03T16:57:07.101673+00:00
"Lincolnton, Lincolnton-Lincoln County Regional Airport",2026-05-01T10:15:00+00:00,46143.427083333336,52.16,36.32,50,7.56,101520,16090,54.657257979407,,,,,,BKN at 2130m; OVC at 3350m,Cloudy,2026-05-03T16:57:07.101693+00:00
"Lincolnton, Lincolnton-Lincoln County Regional Airport",2026-05-01T09:55:00+00:00,46143.413194444445,52.7,35.6,60,9.36,101490,16090,52.077597498656,,,,,,,,2026-05-03T16:57:07.101710+00:00
"Lincolnton, Lincolnton-Lincoln County Regional Airport",2026-05-01T09:35:00+00:00,46143.399305555555,53.24,34.7,40,14.76,101490,16090,49.263381447077,,,,,,,,2026-05-03T16:57:07.101727+00:00
"Lincolnton, Lincolnton-Lincoln County Regional Airport",2026-05-01T08:55:00+00:00,46143.37152777778,53.6,36.14,60,18.36,101460,16090,51.476139505773,,,,,,,,2026-05-03T16:57:07.101744+00:00
"Lincolnton, Lincolnton-Lincoln County Regional Airport",2026-05-01T08:35:00+00:00,46143.35763888889,53.6,37.04,50,18.36,101460,16090,53.336922628724,,,,,,,,2026-05-03T16:57:07.101760+00:00
"Lincolnton, Lincolnton-Lincoln County Regional Airport",2026-05-01T08:15:00+00:00,46143.34375,53.6,37.4,50,12.96,101420,16090,54.097749458034,,,,,,BKN at 2130m,Mostly Cloudy,2026-05-03T16:57:07.101777+00:00
"Lincolnton, Lincolnton-Lincoln County Regional Airport",2026-05-01T07:55:00+00:00,46143.32986111111,53.6,37.04,60,11.16,101420,16090,53.336922628724,,,,,,SCT at 3660m,Partly Cloudy,2026-05-03T16:57:07.101795+00:00
"Lincolnton, Lincolnton-Lincoln County Regional Airport",2026-05-01T07:35:00+00:00,46143.31597222222,54.14,37.22,50,9.36,101420,16090,52.666534059805,,,,,,SCT at 2590m; BKN at 3660m,Mostly Cloudy,2026-05-03T16:57:07.101812+00:00
"Lincolnton, Lincolnton-Lincoln County Regional Airport",2026-05-01T07:15:00+00:00,46143.302083333336,54.14,37.58,50,12.96,101420,16090,53.41718321145,,,,,,BKN at 2290m; OVC at 2900m,Cloudy,2026-05-03T16:57:07.101831+00:00
"Lincolnton, Lincolnton-Lincoln County Regional Airport",2026-05-01T06:55:00+00:00,46143.288194444445,54.5,37.58,50,9.36,101460,16090,52.720408902172,,,,,,,,2026-05-03T16:57:07.101848+00:00
"Lincolnton, Lincolnton-Lincoln County Regional Airport",2026-05-01T06:35:00+00:00,46143.274305555555,53.96,37.58,50,9.36,101420,16090,53.769431008607,,,,,,,,2026-05-03T16:57:07.101865+00:00
"Lincolnton, Lincolnton-Lincoln County Regional Airport",2026-05-01T06:15:00+00:00,46143.260416666664,53.42,37.76,40,7.56,101420,16090,55.230837371805,,,,,,BKN at 2290m,Mostly Cloudy,2026-05-03T16:57:07.101882+00:00
"Lincolnton, Lincolnton-Lincoln County Regional Airport",2026-05-01T05:55:00+00:00,46143.24652777778,52.879999999999995,38.660000000000004,60,7.56,101460,16090,58.356363029657,,,,,,,,2026-05-03T16:57:07.101899+00:00
"Lincolnton, Lincolnton-Lincoln County Regional Airport",2026-05-01T05:35:00+00:00,46143.23263888889,51.44,40.28,0,0,101420,16090,65.541199022845,,,,,,,,2026-05-03T16:57:07.101916+00:00
"Lincolnton, Lincolnton-Lincoln County Regional Airport",2026-05-01T05:15:00+00:00,46143.21875,52.879999999999995,41.9,0,0,101420,16090,66.174800864452,,,,,,BKN at 2590m; BKN at 2740m,Mostly Cloudy,2026-05-03T16:57:07.101933+00:00
"Lincolnton, Lincolnton-Lincoln County Regional Airport",2026-05-01T04:55:00+00:00,46143.20486111111,51.620000000000005,42.260000000000005,0,0,101420,16090,70.282907797868,,,,,,BKN at 2590m,Mostly Cloudy,2026-05-03T16:57:07.101951+00:00
"Lincolnton, Lincolnton-Lincoln County Regional Airport",2026-05-01T04:35:00+00:00,46143.19097222222,53.42,44.42,360,5.4,101360,16090,71.453249811365,,,,,,,,2026-05-03T16:57:07.101969+00:00
"Lincolnton, Lincolnton-Lincoln County Regional Airport",2026-05-01T04:15:00+00:00,46143.177083333336,53.78,44.239999999999995,0,0,101390,16090,70.036222684576,,,,,,,,2026-05-03T16:57:07.101986+00:00
"Lincolnton, Lincolnton-Lincoln County Regional Airport",2026-05-01T03:55:00+00:00,46143.163194444445,54.32,42.620000000000005,0,0,101360,16090,64.54152398268,,,,,,BKN at 2590m,Mostly Cloudy,2026-05-03T16:57:07.102003+00:00
"Lincolnton, Lincolnton-Lincoln County Regional Airport",2026-05-01T03:35:00+00:00,46143.149305555555,56.66,38.839999999999996,0,0,101360,16090,51.213620284389,,,,,,BKN at 2590m,Mostly Cloudy,2026-05-03T16:57:07.102021+00:00
"Lincolnton, Lincolnton-Lincoln County Regional Airport",2026-05-01T03:15:00+00:00,46143.135416666664,56.84,39.38,0,0,101320,16090,51.965229974249,,,,,,SCT at 2590m,Partly Cloudy,2026-05-03T16:57:07.102039+00:00
"Lincolnton, Lincolnton-Lincoln County Regional Airport",2026-05-01T02:55:00+00:00,46143.12152777778,57.02,39.38,350,5.4,101360,16090,51.629015340992,,,,,,,,2026-05-03T16:57:07.102056+00:00
"Lincolnton, Lincolnton-Lincoln County Regional Airport",2026-05-01T02:35:00+00:00,46143.10763888889,58.459999999999994,41.36,350,9.36,101320,16090,52.939047851333,,,,,,,,2026-05-03T16:57:07.102073+00:00
"Lincolnton, Lincolnton-Lincoln County Regional Airport",2026-05-01T02:15:00+00:00,46143.09375,59.36,39.74,10,5.4,101320,16090,48.142883432269,,,,,,SCT at 2590m,Partly Cloudy,2026-05-03T16:57:07.102091+00:00
"Lincolnton, Lincolnton-Lincoln County Regional Airport",2026-05-01T01:55:00+00:00,46143.07986111111,54.86,45.86,340,5.4,101290,16090,71.604930104201,,,,,,,,2026-05-03T16:57:07.102108+00:00
"Lincolnton, Lincolnton-Lincoln County Regional Airport",2026-05-01T01:35:00+00:00,46143.06597222222,55.58,46.22,0,0,101250,16090,70.712514157369,,,,,,,,2026-05-03T16:57:07.102125+00:00
"Lincolnton, Lincolnton-Lincoln County Regional Airport",2026-05-01T01:15:00+00:00,46143.052083333336,57.379999999999995,43.879999999999995,0,0,101220,16090,60.624126803446,,,,,,OVC at 2740m,Cloudy,2026-05-03T16:57:07.102141+00:00
"Lincolnton, Lincolnton-Lincoln County Regional Airport",2026-05-01T00:50:00+00:00,46143.03472222222,59.72,46.04,0,0,101190,16090,60.52066875667,,,,,,BKN at 2740m,Mostly Cloudy,2026-05-03T16:57:07.102160+00:00
"Lincolnton, Lincolnton-Lincoln County Regional Airport",2026-05-01T00:35:00+00:00,46143.024305555555,59.18,44.42,0,0,101150,16090,58.018139493025,,,,,,SCT at 2740m,Partly Cloudy,2026-05-03T16:57:07.102177+00:00
"Lincolnton, Lincolnton-Lincoln County Regional Airport",2026-05-01T00:15:00+00:00,46143.010416666664,63.14,43.7,0,0,101120,16090,49.060592530488,,,,,,CLR at Nonem,Clear,2026-05-03T16:57:07.102194+00:00
"Lincolnton, Lincolnton-Lincoln County Regional Airport",2026-04-30T23:55:00+00:00,46142.99652777778,67.1,35.96,0,0,101120,16090,31.632794211188,,,,,,,,2026-05-03T16:57:07.102211+00:00
"Lincolnton, Lincolnton-Lincoln County Regional Airport",2026-04-30T23:35:00+00:00,46142.98263888889,68.0,37.76,0,0,101080,16090,32.921128501263,,,,,,,,2026-05-03T16:57:07.102227+00:00
"Lincolnton, Lincolnton-Lincoln County Regional Airport",2026-04-30T23:15:00+00:00,46142.96875,68.72,38.12,350,5.4,101080,16090,32.573722868597,,,,,,,,2026-05-03T16:57:07.102243+00:00
"Lincolnton, Lincolnton-Lincoln County Regional Airport",2026-04-30T22:55:00+00:00,46142.95486111111,70.16,39.2,10,9.36,101050,16090,32.346106810642,,,,,20.2201483445,,,2026-05-03T16:57:07.102260+00:00
"Lincolnton, Lincolnton-Lincoln County Regional Airport",2026-04-30T22:35:00+00:00,46142.94097222222,71.24000000000001,38.660000000000004,10,11.16,101020,16090,30.529242884959,,,,,20.832708008662777,,,2026-05-03T16:57:07.102277+00:00
"Lincolnton, Lincolnton-Lincoln County Regional Airport",2026-04-30T22:15:00+00:00,46142.927083333336,72.68,39.2,20,14.76,101020,16090,29.69733403338,,,,,21.690985944205,CLR at Nonem,Clear,2026-05-03T16:57:07.102297+00:00
"Lincolnton, Lincolnton-Lincoln County Regional Airport",2026-04-30T21:55:00+00:00,46142.913194444445,73.58,40.64,10,14.76,100950,16090,30.469692143078,,,,,22.261153072625,CLR at Nonem,Clear,2026-05-03T16:57:07.102316+00:00
"Lincolnton, Lincolnton-Lincoln County Regional Airport",2026-04-30T21:35:00+00:00,46142.899305555555,74.84,43.519999999999996,350,11.16,100950,16090,32.634620361314,,,,,23.08768175387889,CLR at Nonem,Clear,2026-05-03T16:57:07.102334+00:00
"Lincolnton, Lincolnton-Lincoln County Regional Airport",2026-04-30T21:15:00+00:00,46142.885416666664,74.48,42.260000000000005,0,0,100950,16090,31.471654150797,,,,,22.837315413937223,SCT at 2130m; SCT at 2440m,Partly Cloudy,2026-05-03T16:57:07.102354+00:00
"Lincolnton, Lincolnton-Lincoln County Regional Airport",2026-04-30T20:55:00+00:00,46142.87152777778,76.1,46.04,20,12.96,100950,11270,34.439966964447,,,,,23.90482135962722,SCT at 2130m; BKN at 2440m,Mostly Cloudy,2026-05-03T16:57:07.102389+00:00
"Lincolnton, Lincolnton-Lincoln County Regional Airport",2026-04-30T20:35:00+00:00,46142.85763888889,75.56,46.58,20,11.16,100920,16090,35.787216491791,,,,,23.60999954173,SCT at 2290m; BKN at 2590m,Mostly Cloudy,2026-05-03T16:57:07.102410+00:00
"Lincolnton, Lincolnton-Lincoln County Regional Airport",2026-04-30T20:15:00+00:00,46142.84375,75.02,46.94,360,5.4,100920,16090,36.935655278352,,,,,23.309986554490557,BKN at 2290m,Mostly Cloudy,2026-05-03T16:57:07.102429+00:00
"Lincolnton, Lincolnton-Lincoln County Regional Airport",2026-04-30T19:55:00+00:00,46142.82986111111,74.84,47.120000000000005,360,5.4,100920,16090,37.41116560221,,,,,23.21240265739111,,,2026-05-03T16:57:07.102447+00:00
"Lincolnton, Lincolnton-Lincoln County Regional Airport",2026-04-30T19:35:00+00:00,46142.81597222222,73.75999999999999,46.4,0,0,100950,16090,37.750598662586,,,,,22.561265631745556,,,2026-05-03T16:57:07.102466+00:00
"Lincolnton, Lincolnton-Lincoln County Regional Airport",2026-04-30T19:15:00+00:00,46142.802083333336,73.4,47.84,340,5.4,100980,16090,40.338258911441,,,,,22.408832316021112,SCT at 1680m; SCT at 2130m; BKN at 2440m,Mostly Cloudy,2026-05-03T16:57:07.102486+00:00
"Lincolnton, Lincolnton-Lincoln County Regional Airport",2026-04-30T18:55:00+00:00,46142.788194444445,73.04,49.64,50,9.36,101020,16090,43.671083921289,,,,,22.275856080167223,BKN at 1680m; BKN at 2130m; BKN at 2440m,Mostly Cloudy,2026-05-03T16:57:07.102505+00:00
"Lincolnton, Lincolnton-Lincoln County Regional Airport",2026-04-30T18:35:00+00:00,46142.774305555555,73.94,50.36,200,9.36,101020,16090,43.51896048051,,,,,22.821883968102224,SCT at 1680m; BKN at 2440m,Mostly Cloudy,2026-05-03T16:57:07.102525+00:00
"Lincolnton, Lincolnton-Lincoln County Regional Airport",2026-04-30T18:15:00+00:00,46142.760416666664,73.04,49.82,210,11.16,101020,16090,43.964573588923,,,,,22.283519421488332,CLR at Nonem,Clear,2026-05-03T16:57:07.102544+00:00
"Lincolnton, Lincolnton-Lincoln County Regional Airport",2026-04-30T17:55:00+00:00,46142.74652777778,72.14,50.36,0,0,101050,16090,46.238370926259,,,,,21.79289079640778,SCT at 1520m; SCT at 1830m,Partly Cloudy,2026-05-03T16:57:07.102563+00:00
"Lincolnton, Lincolnton-Lincoln County Regional Airport",2026-04-30T17:35:00+00:00,46142.73263888889,71.96,51.26,200,7.56,101050,16090,48.097395041048,,,,,21.73143198162722,,,2026-05-03T16:57:07.102582+00:00
"Lincolnton, Lincolnton-Lincoln County Regional Airport",2026-04-30T17:15:00+00:00,46142.71875,70.16,50.18,0,0,101080,16090,49.123246206251,,,,,20.658218095385557,,,2026-05-03T16:57:07.102599+00:00
"Lincolnton, Lincolnton-Lincoln County Regional Airport",2026-04-30T16:55:00+00:00,46142.70486111111,70.16,50.72,340,5.4,101080,16090,50.117131105193,,,,,20.684169534413332,SCT at 1280m; BKN at 1460m,Mostly Cloudy,2026-05-03T16:57:07.102618+00:00
"Lincolnton, Lincolnton-Lincoln County Regional Airport",2026-04-30T16:35:00+00:00,46142.69097222222,70.7,51.26,10,7.56,101080,16090,50.197344037945,,,,,21.016263983212777,SCT at 1280m; BKN at 1460m,Mostly Cloudy,2026-05-03T16:57:07.102637+00:00
"Lincolnton, Lincolnton-Lincoln County Regional Airport",2026-04-30T16:15:00+00:00,46142.677083333336,69.62,49.82,0,0,101120,16090,49.371730746235,,,,,,CLR at Nonem,Clear,2026-05-03T16:57:07.102656+00:00
"Lincolnton, Lincolnton-Lincoln County Regional Airport",2026-04-30T15:55:00+00:00,46142.663194444445,68.9,49.46,60,5.4,101120,16090,49.929381243972,,,,,,CLR at Nonem,Clear,2026-05-03T16:57:07.102673+00:00
"Lincolnton, Lincolnton-Lincoln County Regional Airport",2026-04-30T15:35:00+00:00,46142.649305555555,68.0,49.1,40,7.56,101120,16090,50.809513009529,,,,,,CLR at Nonem,Clear,2026-05-03T16:57:07.102691+00:00
"Lincolnton, Lincolnton-Lincoln County Regional Airport",2026-04-30T15:15:00+00:00,46142.635416666664,67.64,49.46,40,18.36,101120,16090,52.138183670639,,,,,,CLR at Nonem,Clear,2026-05-03T16:57:07.102708+00:00
"Lincolnton, Lincolnton-Lincoln County Regional Airport",2026-04-30T14:55:00+00:00,46142.62152777778,66.38,50.72,40,11.16,101120,16090,57.067144377835,,,,,,,,2026-05-03T16:57:07.102725+00:00
"Lincolnton, Lincolnton-Lincoln County Regional Airport",2026-04-30T14:35:00+00:00,46142.60763888889,65.48,50.36,50,12.96,101150,16090,58.096638240206,,,,,,,,2026-05-03T16:57:07.102742+00:00
"Lincolnton, Lincolnton-Lincoln County Regional Airport",2026-04-30T14:15:00+00:00,46142.59375,62.78,52.879999999999995,60,7.56,101190,16090,70.071037037849,,,,,,OVC at 1830m,Cloudy,2026-05-03T16:57:07.102759+00:00
"Lincolnton, Lincolnton-Lincoln County Regional Airport",2026-04-30T13:55:00+00:00,46142.57986111111,60.62,55.22,50,5.4,101190,16090,82.373548620665,,,,,,OVC at 1830m,Cloudy,2026-05-03T16:57:07.102776+00:00
"Lincolnton, Lincolnton-Lincoln County Regional Airport",2026-04-30T13:35:00+00:00,46142.56597222222,58.64,56.120000000000005,0,0,101190,16090,91.329326517589,,,,,,OVC at 1520m,Cloudy,2026-05-03T16:57:07.102794+00:00
"Lincolnton, Lincolnton-Lincoln County Regional Airport",2026-04-30T13:15:00+00:00,46142.552083333336,58.28,55.76,0,0,101220,16090,91.316426837871,,,,,,OVC at 1520m,Cloudy,2026-05-03T16:57:07.102811+00:00
"Lincolnton, Lincolnton-Lincoln County Regional Airport",2026-04-30T12:55:00+00:00,46142.538194444445,58.1,56.3,0,0,101190,16090,93.722243012833,,,,,,OVC at 1520m,Cloudy,2026-05-03T16:57:07.102828+00:00
"Lincolnton, Lincolnton-Lincoln County Regional Airport",2026-04-30T12:35:00+00:00,46142.524305555555,58.1,55.58,0,0,101250,16090,91.3099663793,,,,,,BKN at 1520m; OVC at 3050m,Cloudy,2026-05-03T16:57:07.102846+00:00
"Lincolnton, Lincolnton-Lincoln County Regional Airport",2026-04-30T12:15:00+00:00,46142.510416666664,57.74,55.76,0,0,101190,16090,93.10362246022,,,,,,OVC at 3050m,Cloudy,2026-05-03T16:57:07.102863+00:00
"Lincolnton, Lincolnton-Lincoln County Regional Airport",2026-04-30T11:55:00+00:00,46142.49652777778,56.3,55.22,0,0,101150,16090,96.161225528784,,,,,,BKN at 3050m,Mostly Cloudy,2026-05-03T16:57:07.102880+00:00
"Lincolnton, Lincolnton-Lincoln County Regional Airport",2026-04-30T11:35:00+00:00,46142.48263888889,58.1,54.86,0,0,101190,16090,88.952522226204,,,,,,SCT at 3660m,Partly Cloudy,2026-05-03T16:57:07.102897+00:00
"Lincolnton, Lincolnton-Lincoln County Regional Airport",2026-04-30T11:15:00+00:00,46142.46875,56.66,55.4,0,0,101120,16090,95.54101368086,,,,,,SCT at 3660m,Partly Cloudy,2026-05-03T16:57:07.102914+00:00
"Lincolnton, Lincolnton-Lincoln County Regional Airport",2026-04-30T10:55:00+00:00,46142.45486111111,57.02,55.4,0,0,101050,16090,94.308237005409,,,,,,CLR at Nonem,Clear,2026-05-03T16:57:07.102931+00:00
"Lincolnton, Lincolnton-Lincoln County Regional Airport",2026-04-30T10:35:00+00:00,46142.44097222222,57.2,55.4,0,0,101050,16090,93.698536677741,,,,,,SCT at 1430m,Partly Cloudy,2026-05-03T16:57:07.102947+00:00
"Lincolnton, Lincolnton-Lincoln County Regional Airport",2026-04-30T10:15:00+00:00,46142.427083333336,57.379999999999995,55.22,0,0,100980,16090,92.486706315588,,,,,,CLR at Nonem,Clear,2026-05-03T16:57:07.102965+00:00
"Lincolnton, Lincolnton-Lincoln County Regional Airport",2026-04-30T09:55:00+00:00,46142.413194444445,56.84,55.94,10,5.4,100950,16090,96.799241030365,,,,,,CLR at Nonem,Clear,2026-05-03T16:57:07.102982+00:00
"Lincolnton, Lincolnton-Lincoln County Regional Airport",2026-04-30T09:35:00+00:00,46142.399305555555,56.48,55.76,0,0,100980,16090,97.428123823401,,,,,,CLR at Nonem,Clear,2026-05-03T16:57:07.102999+00:00
"Lincolnton, Lincolnton-Lincoln County Regional Airport",2026-04-30T09:15:00+00:00,46142.385416666664,56.66,55.94,0,0,100980,16090,97.430102500225,,,,,,CLR at Nonem,Clear,2026-05-03T16:57:07.103016+00:00
"Lincolnton, Lincolnton-Lincoln County Regional Airport",2026-04-30T08:55:00+00:00,46142.37152777778,56.120000000000005,55.4,0,0,100980,16090,97.424159638621,,,,,,,,2026-05-03T16:57:07.103033+00:00
"Lincolnton, Lincolnton-Lincoln County Regional Airport",2026-04-30T08:35:00+00:00,46142.35763888889,56.48,55.76,0,0,100980,16090,97.428123823401,,,,,,,,2026-05-03T16:57:07.103049+00:00
"Lincolnton, Lincolnton-Lincoln County Regional Airport",2026-04-30T08:15:00+00:00,46142.34375,56.48,55.76,0,0,100980,16090,97.428123823401,,,,,,CLR at Nonem,Clear,2026-05-03T16:57:07.103085+00:00
"Lincolnton, Lincolnton-Lincoln County Regional Airport",2026-04-30T07:55:00+00:00,46142.32986111111,56.84,55.94,0,0,100950,16090,96.799241030365,,,,,,CLR at Nonem,Clear,2026-05-03T16:57:07.103103+00:00
"Lincolnton, Lincolnton-Lincoln County Regional Airport",2026-04-30T07:35:00+00:00,46142.31597222222,57.379999999999995,56.3,0,0,100880,16090,96.178793278695,,,,,,CLR at Nonem,Clear,2026-05-03T16:57:07.103120+00:00
"Lincolnton, Lincolnton-Lincoln County Regional Airport",2026-04-30T07:15:00+00:00,46142.302083333336,57.02,55.94,0,0,100880,16090,96.172950694716,,,,,,CLR at Nonem,Clear,2026-05-03T16:57:07.103138+00:00
"Lincolnton, Lincolnton-Lincoln County Regional Airport",2026-04-30T06:55:00+00:00,46142.288194444445,58.1,57.02,0,0,100880,16090,96.190438649074,,,,,,CLR at Nonem,Clear,2026-05-03T16:57:07.103155+00:00
"Lincolnton, Lincolnton-Lincoln County Regional Airport",2026-04-30T06:35:00+00:00,46142.274305555555,58.28,57.379999999999995,0,0,100850,16090,96.818787436519,,,,,,CLR at Nonem,Clear,2026-05-03T16:57:07.103172+00:00
"Lincolnton, Lincolnton-Lincoln County Regional Airport",2026-04-30T06:15:00+00:00,46142.260416666664,57.92,57.02,0,0,100880,16090,96.813917561395,,,,,,CLR at Nonem,Clear,2026-05-03T16:57:07.103189+00:00
"Lincolnton, Lincolnton-Lincoln County Regional Airport",2026-04-30T05:55:00+00:00,46142.24652777778,59.36,57.92,0,0,100950,16090,94.975969396961,,,,,,CLR at Nonem,Clear,2026-05-03T16:57:07.103206+00:00
"Lincolnton, Lincolnton-Lincoln County Regional Airport",2026-04-30T05:35:00+00:00,46142.23263888889,59.18,57.379999999999995,0,0,100980,16090,93.750516467088,,,,,,CLR at Nonem,Clear,2026-05-03T16:57:07.103224+00:00
"Lincolnton, Lincolnton-Lincoln County Regional Airport",2026-04-30T05:15:00+00:00,46142.21875,59.0,57.379999999999995,0,0,101020,16090,94.355349343179,,,,,,CLR at Nonem,Clear,2026-05-03T16:57:07.103241+00:00
"Lincolnton, Lincolnton-Lincoln County Regional Airport",2026-04-30T04:55:00+00:00,46142.20486111111,61.7,59.0,330,5.4,101050,16090,90.851710184544,,,,,,CLR at Nonem,Clear,2026-05-03T16:57:07.103258+00:00
"Lincolnton, Lincolnton-Lincoln County Regional Airport",2026-04-30T04:35:00+00:00,46142.19097222222,60.980000000000004,57.74,0,0,101050,16090,89.081256037259,,,,,,CLR at Nonem,Clear,2026-05-03T16:57:07.103275+00:00
"Lincolnton, Lincolnton-Lincoln County Regional Airport",2026-04-30T04:15:00+00:00,46142.177083333336,62.6,57.92,0,0,101020,16090,84.673644351678,,,,,,CLR at Nonem,Clear,2026-05-03T16:57:07.103294+00:00
"Lincolnton, Lincolnton-Lincoln County Regional Airport",2026-04-30T03:55:00+00:00,46142.163194444445,63.14,59.540000000000006,0,0,101020,16090,88.0398262685,,,,,,,,2026-05-03T16:57:07.103311+00:00
"Lincolnton, Lincolnton-Lincoln County Regional Airport",2026-04-30T03:35:00+00:00,46142.149305555555,66.92,56.84,0,0,101020,16090,70.055746446734,,,,,,,,2026-05-03T16:57:07.103328+00:00
"Lincolnton, Lincolnton-Lincoln County Regional Airport",2026-04-30T03:15:00+00:00,46142.135416666664,66.74000000000001,58.1,0,0,101020,16090,73.762043732361,,,,,,SCT at 2290m,Partly Cloudy,2026-05-03T16:57:07.103345+00:00
"Lincolnton, Lincolnton-Lincoln County Regional Airport",2026-04-30T02:55:00+00:00,46142.12152777778,68.0,57.74,0,0,101020,16090,69.718435795928,,,,,,SCT at 2290m; SCT at 2740m,Partly Cloudy,2026-05-03T16:57:07.103363+00:00
"Lincolnton, Lincolnton-Lincoln County Regional Airport",2026-04-30T02:35:00+00:00,46142.10763888889,70.52,57.2,0,0,101020,16090,62.728853032387,,,,,21.233475606956667,BKN at 2590m,Mostly Cloudy,2026-05-03T16:57:07.103381+00:00
"Lincolnton, Lincolnton-Lincoln County Regional Airport",2026-04-30T02:15:00+00:00,46142.09375,70.7,57.74,270,9.36,100980,16090,63.568993075376,,,,,21.365412596968334,SCT at 2590m,Partly Cloudy,2026-05-03T16:57:07.103399+00:00
"Lincolnton, Lincolnton-Lincoln County Regional Airport",2026-04-30T01:55:00+00:00,46142.07986111111,70.88,59.0,0,0,100950,16090,66.099593837334,,,,,21.541489394641665,CLR at Nonem,Clear,2026-05-03T16:57:07.103418+00:00
"Lincolnton, Lincolnton-Lincoln County Regional Airport",2026-04-30T01:35:00+00:00,46142.06597222222,69.98,60.980000000000004,270,9.36,100980,16090,73.132162098067,,,,,,CLR at Nonem,Clear,2026-05-03T16:57:07.103436+00:00
"Lincolnton, Lincolnton-Lincoln County Regional Airport",2026-04-30T01:15:00+00:00,46142.052083333336,68.0,63.68,0,0,100950,16090,86.074840025465,,,,,,CLR at Nonem,Clear,2026-05-03T16:57:07.103454+00:00
"Lincolnton, Lincolnton-Lincoln County Regional Airport",2026-04-30T00:55:00+00:00,46142.038194444445,68.9,64.04,0,0,100920,16090,84.514421200147,,,,,,,,2026-05-03T16:57:07.103471+00:00
"Lincolnton, Lincolnton-Lincoln County Regional Airport",2026-04-30T00:35:00+00:00,46142.024305555555,71.06,64.4,290,5.4,100850,16090,79.505725552701,,,,,22.001538389431666,,,2026-05-03T16:57:07.103487+00:00
"Lincolnton, Lincolnton-Lincoln County Regional Airport",2026-04-30T00:15:00+00:00,46142.010416666664,71.78,64.58,360,7.56,100850,16090,78.077557299096,,,,,22.404247329476668,,,2026-05-03T16:57:07.103505+00:00
"Lincolnton, Lincolnton-Lincoln County Regional Airport",2026-04-29T23:55:00+00:00,46141.99652777778,72.86,63.5,0,0,100780,16090,72.490069050757,,,,,22.918351802992223,,,2026-05-03T16:57:07.103523+00:00
"Lincolnton, Lincolnton-Lincoln County Regional Airport",2026-04-29T23:35:00+00:00,46141.98263888889,74.66,63.5,200,5.4,100780,16090,68.239139436503,,,,,23.90735530750889,,,2026-05-03T16:57:07.103540+00:00
"Lincolnton, Lincolnton-Lincoln County Regional Airport",2026-04-29T23:15:00+00:00,46141.96875,75.38,63.14,200,5.4,100780,16090,65.781716214639,,,,,24.283189256715556,SCT at 1680m,Partly Cloudy,2026-05-03T16:57:07.103558+00:00
"Lincolnton, Lincolnton-Lincoln County Regional Airport",2026-04-29T22:55:00+00:00,46141.95486111111,78.08,63.14,220,11.16,100780,16090,60.147977437432,,,,,25.78608607753278,,,2026-05-03T16:57:07.103576+00:00
"Lincolnton, Lincolnton-Lincoln County Regional Airport",2026-04-29T22:35:00+00:00,46141.94097222222,77.72,62.78,210,9.36,100780,16090,60.101688425933,,,,,25.564877420010557,,,2026-05-03T16:57:07.103594+00:00
"Lincolnton, Lincolnton-Lincoln County Regional Airport",2026-04-29T22:15:00+00:00,46141.927083333336,78.44,62.42,210,9.36,100780,16090,57.952635961622,,,,,25.94876327233111,CLR at Nonem,Clear,2026-05-03T16:57:07.103612+00:00
"Lincolnton, Lincolnton-Lincoln County Regional Airport",2026-04-29T21:55:00+00:00,46141.913194444445,79.7,62.42,220,14.76,100780,16090,55.603508981543,,,,,26.657424956740556,,,2026-05-03T16:57:07.103630+00:00
"Lincolnton, Lincolnton-Lincoln County Regional Airport",2026-04-29T21:35:00+00:00,46141.899305555555,80.06,62.42,190,11.16,100780,16090,54.952159167358,,,,,27.414871069076668,,,2026-05-03T16:57:07.103648+00:00
"Lincolnton, Lincolnton-Lincoln County Regional Airport",2026-04-29T21:15:00+00:00,46141.885416666664,77.36,62.24,210,9.36,100850,16090,59.675662881987,,,,,25.333753419696112,SCT at 1520m; BKN at 1980m; BKN at 2290m,Mostly Cloudy,2026-05-03T16:57:07.103667+00:00
"Lincolnton, Lincolnton-Lincoln County Regional Airport",2026-04-29T20:55:00+00:00,46141.87152777778,78.08,61.16,230,11.16,100850,16090,56.091907157883,,,,,25.68017757578889,BKN at 1520m; BKN at 2290m,Mostly Cloudy,2026-05-03T16:57:07.103686+00:00
"Lincolnton, Lincolnton-Lincoln County Regional Airport",2026-04-29T20:35:00+00:00,46141.85763888889,80.6,61.7,210,11.16,100850,16090,52.637209930514,,,,,27.581476279924445,SCT at 1490m; BKN at 1830m; OVC at 2740m,Cloudy,2026-05-03T16:57:07.103707+00:00
"Lincolnton, Lincolnton-Lincoln County Regional Airport",2026-04-29T20:15:00+00:00,46141.84375,80.6,61.7,200,12.96,100850,16090,52.637209930514,,,,,27.581476279924445,SCT at 1370m; BKN at 2130m; OVC at 2740m,Cloudy,2026-05-03T16:57:07.103727+00:00
"Lincolnton, Lincolnton-Lincoln County Regional Airport",2026-04-29T19:55:00+00:00,46141.82986111111,79.16,61.34,190,12.96,100880,16090,54.47972658079,,,,,26.298081749609445,SCT at 1370m; BKN at 1520m; OVC at 2740m,Cloudy,2026-05-03T16:57:07.103746+00:00
"Lincolnton, Lincolnton-Lincoln County Regional Airport",2026-04-29T19:35:00+00:00,46141.81597222222,78.8,60.980000000000004,150,11.16,100920,16090,54.42959711452,,,,,26.076772813545556,BKN at 1370m; BKN at 1520m,Mostly Cloudy,2026-05-03T16:57:07.103780+00:00
"Lincolnton, Lincolnton-Lincoln County Regional Airport",2026-04-29T19:15:00+00:00,46141.802083333336,79.52,60.440000000000005,210,9.36,100950,16090,52.14940518568,,,,,26.457234468737223,SCT at 1220m,Partly Cloudy,2026-05-03T16:57:07.103801+00:00
"Lincolnton, Lincolnton-Lincoln County Regional Airport",2026-04-29T18:55:00+00:00,46141.788194444445,78.8,60.8,140,7.56,100980,16090,54.08337422023,,,,,26.06773254908389,SCT at 1100m; SCT at 1490m,Partly Cloudy,2026-05-03T16:57:07.103821+00:00
"Lincolnton, Lincolnton-Lincoln County Regional Airport",2026-04-29T18:35:00+00:00,46141.774305555555,78.08,60.980000000000004,250,9.36,101020,16090,55.735384811624,,,,,25.67086838119222,,,2026-05-03T16:57:07.103840+00:00
"Lincolnton, Lincolnton-Lincoln County Regional Airport",2026-04-29T18:15:00+00:00,46141.760416666664,77.18,61.88,220,9.36,101020,16090,59.274614496012,,,,,25.213281600729445,,,2026-05-03T16:57:07.103858+00:00
"Lincolnton, Lincolnton-Lincoln County Regional Airport",2026-04-29T17:55:00+00:00,46141.74652777778,76.82,61.7,260,7.56,101080,16090,59.605560788038,,,,,25.00192297613222,SCT at 820m,Partly Cloudy,2026-05-03T16:57:07.103876+00:00
"Lincolnton, Lincolnton-Lincoln County Regional Airport",2026-04-29T17:35:00+00:00,46141.73263888889,75.38,61.88,260,9.36,101120,16090,62.927410032767,,,,,24.208660150855554,BKN at 760m,Mostly Cloudy,2026-05-03T16:57:07.103895+00:00
"Lincolnton, Lincolnton-Lincoln County Regional Airport",2026-04-29T17:15:00+00:00,46141.71875,73.75999999999999,61.519999999999996,220,12.96,101150,16090,65.592954485072,,,,,23.288260478221112,SCT at 700m,Partly Cloudy,2026-05-03T16:57:07.103914+00:00
"Lincolnton, Lincolnton-Lincoln County Regional Airport",2026-04-29T16:55:00+00:00,46141.70486111111,73.04,61.88,220,18.36,101190,16090,68.06038777749,,,,,22.91268790307889,,,2026-05-03T16:57:07.103933+00:00
"Lincolnton, Lincolnton-Lincoln County Regional Airport",2026-04-29T16:35:00+00:00,46141.69097222222,70.88,61.7,250,11.16,101220,16090,72.75547560202,,,,,21.715281862941666,,,2026-05-03T16:57:07.103951+00:00
"Lincolnton, Lincolnton-Lincoln County Regional Airport",2026-04-29T16:15:00+00:00,46141.677083333336,69.08,61.16,220,18.36,101250,16090,75.898785189151,,,,,,OVC at 520m,Cloudy,2026-05-03T16:57:07.103969+00:00
"Lincolnton, Lincolnton-Lincoln County Regional Airport",2026-04-29T15:55:00+00:00,46141.663194444445,67.82,61.16,220,14.76,101290,16090,79.253830266621,,,,,,BKN at 430m; OVC at 610m,Cloudy,2026-05-03T16:57:07.103987+00:00
"Lincolnton, Lincolnton-Lincoln County Regional Airport",2026-04-29T15:35:00+00:00,46141.649305555555,65.84,60.8,240,11.16,101320,16090,83.792012339027,,,,,,,,2026-05-03T16:57:07.104005+00:00
"Lincolnton, Lincolnton-Lincoln County Regional Airport",2026-04-29T15:15:00+00:00,46141.635416666664,64.94,60.440000000000005,240,16.56,101320,16090,85.358473625091,,,,,,,,2026-05-03T16:57:07.104022+00:00
"Lincolnton, Lincolnton-Lincoln County Regional Airport",2026-04-29T14:55:00+00:00,46141.62152777778,63.32,60.8,230,12.96,101320,11270,91.494480880255,,,,,,,,2026-05-03T16:57:07.104039+00:00
"Lincolnton, Lincolnton-Lincoln County Regional Airport",2026-04-29T14:35:00+00:00,46141.60763888889,62.059999999999995,60.440000000000005,220,7.56,101360,11270,94.427028448554,,,,,,,,2026-05-03T16:57:07.104056+00:00
"Lincolnton, Lincolnton-Lincoln County Regional Airport",2026-04-29T14:15:00+00:00,46141.59375,61.34,60.08,220,5.4,101320,8050,95.628115457569,,,,,,,,2026-05-03T16:57:07.104073+00:00
"Lincolnton, Lincolnton-Lincoln County Regional Airport",2026-04-29T13:55:00+00:00,46141.57986111111,60.980000000000004,60.08,220,5.4,101320,6440,96.854960153164,,,,,,,,2026-05-03T16:57:07.104089+00:00
"Lincolnton, Lincolnton-Lincoln County Regional Airport",2026-04-29T13:35:00+00:00,46141.56597222222,60.440000000000005,59.9,0,0,101320,4830,98.098020654524,,,,,,,,2026-05-03T16:57:07.104106+00:00
"Lincolnton, Lincolnton-Lincoln County Regional Airport",2026-04-29T13:15:00+00:00,46141.552083333336,60.440000000000005,60.08,220,7.56,101360,2410,98.728448616148,,,,,,OVC at 60m,Fog/Mist,2026-05-03T16:57:07.104123+00:00
"Lincolnton, Lincolnton-Lincoln County Regional Airport",2026-04-29T12:55:00+00:00,46141.538194444445,59.9,59.72,220,7.56,101390,1610,99.360960006861,,,,,,,,2026-05-03T16:57:07.104141+00:00
"Lincolnton, Lincolnton-Lincoln County Regional Airport",2026-04-29T12:35:00+00:00,46141.524305555555,60.08,59.72,230,9.36,101420,2010,98.726493160069,,,,,,,,2026-05-03T16:57:07.104158+00:00
"Lincolnton, Lincolnton-Lincoln County Regional Airport",2026-04-29T12:15:00+00:00,46141.510416666664,59.9,59.36,240,7.56,101420,2010,98.093643949325,,,,,,OVC at 60m,Fog/Mist,2026-05-03T16:57:07.104175+00:00
"Lincolnton, Lincolnton-Lincoln County Regional Airport",2026-04-29T11:55:00+00:00,46141.49652777778,59.9,59.36,160,5.4,101360,1210,98.093643949325,,,,,,,,2026-05-03T16:57:07.104192+00:00
"Lincolnton, Lincolnton-Lincoln County Regional Airport",2026-04-29T11:35:00+00:00,46141.48263888889,59.18,59.0,0,0,101320,400,99.358984010656,,,,,,,,2026-05-03T16:57:07.104209+00:00
"Lincolnton, Lincolnton-Lincoln County Regional Airport",2026-04-29T11:15:00+00:00,46141.46875,59.0,58.64,0,0,101360,400,98.720599709636,,,,,,OVC at 60m,Fog,2026-05-03T16:57:07.104225+00:00
"Lincolnton, Lincolnton-Lincoln County Regional Airport",2026-04-29T10:55:00+00:00,46141.45486111111,59.18,58.64,0,0,101420,1210,98.087784880721,,,,,,OVC at 120m,Cloudy,2026-05-03T16:57:07.104242+00:00
"Lincolnton, Lincolnton-Lincoln County Regional Airport",2026-04-29T10:35:00+00:00,46141.44097222222,59.18,58.64,200,5.4,101460,2410,98.087784880721,,,,,,OVC at 120m,Cloudy,2026-05-03T16:57:07.104259+00:00
"Lincolnton, Lincolnton-Lincoln County Regional Airport",2026-04-29T10:15:00+00:00,46141.427083333336,59.0,58.28,0,0,101460,4830,97.455619762895,,,,,,OVC at 120m,Fog/Mist,2026-05-03T16:57:07.104277+00:00
"Lincolnton, Lincolnton-Lincoln County Regional Airport",2026-04-29T09:55:00+00:00,46141.413194444445,59.0,58.1,0,0,101420,8050,96.828493935789,,,,,,,,2026-05-03T16:57:07.104293+00:00
"Lincolnton, Lincolnton-Lincoln County Regional Airport",2026-04-29T09:35:00+00:00,46141.399305555555,58.82,58.1,0,0,101420,8050,97.453670359271,,,,,,,,2026-05-03T16:57:07.104309+00:00
"Lincolnton, Lincolnton-Lincoln County Regional Airport",2026-04-29T09:15:00+00:00,46141.385416666664,59.0,58.1,0,0,101420,16090,96.828493935789,,,,,,,,2026-05-03T16:57:07.104325+00:00
"Lincolnton, Lincolnton-Lincoln County Regional Airport",2026-04-29T08:55:00+00:00,46141.37152777778,59.0,58.1,0,0,101490,16090,96.828493935789,,,,,,,,2026-05-03T16:57:07.104342+00:00
"Lincolnton, Lincolnton-Lincoln County Regional Airport",2026-04-29T08:35:00+00:00,46141.35763888889,58.82,57.92,0,0,101490,16090,96.826071456885,,,,,,,,2026-05-03T16:57:07.104358+00:00
"Lincolnton, Lincolnton-Lincoln County Regional Airport",2026-04-29T08:15:00+00:00,46141.34375,58.1,57.379999999999995,230,9.36,101520,16090,97.44585039787,,,,,,OVC at 400m,Cloudy,2026-05-03T16:57:07.104375+00:00
"Lincolnton, Lincolnton-Lincoln County Regional Airport",2026-04-29T07:55:00+00:00,46141.32986111111,57.379999999999995,56.66,230,9.36,101490,11270,97.437994517956,,,,,,,,2026-05-03T16:57:07.104392+00:00
"Lincolnton, Lincolnton-Lincoln County Regional Airport",2026-04-29T07:35:00+00:00,46141.31597222222,57.74,57.02,0,0,101420,16090,97.441926961394,,,,,,,,2026-05-03T16:57:07.104410+00:00
"Lincolnton, Lincolnton-Lincoln County Regional Airport",2026-04-29T07:15:00+00:00,46141.302083333336,57.379999999999995,56.66,210,7.56,101460,16090,97.437994517956,,,,,,,,2026-05-03T16:57:07.104426+00:00
"Lincolnton, Lincolnton-Lincoln County Regional Airport",2026-04-29T06:55:00+00:00,46141.288194444445,57.2,56.3,0,0,101460,16090,96.804144392118,,,,,,SCT at 520m,Partly Cloudy,2026-05-03T16:57:07.104444+00:00
"Lincolnton, Lincolnton-Lincoln County Regional Airport",2026-04-29T06:35:00+00:00,46141.274305555555,57.92,57.02,0,0,101490,16090,96.813917561395,,,,,,BKN at 520m,Mostly Cloudy,2026-05-03T16:57:07.104461+00:00
"Lincolnton, Lincolnton-Lincoln County Regional Airport",2026-04-29T06:15:00+00:00,46141.260416666664,58.1,57.02,0,0,101520,16090,96.190438649074,,,,,,SCT at 520m,Partly Cloudy,2026-05-03T16:57:07.104505+00:00
"Lincolnton, Lincolnton-Lincoln County Regional Airport",2026-04-29T05:55:00+00:00,46141.24652777778,58.1,57.02,0,0,101590,16090,96.190438649074,,,,,,CLR at Nonem,Clear,2026-05-03T16:57:07.104525+00:00
"Lincolnton, Lincolnton-Lincoln County Regional Airport",2026-04-29T05:35:00+00:00,46141.23263888889,58.28,57.02,0,0,101660,16090,95.571454248336,,,,,,,,2026-05-03T16:57:07.104542+00:00
"Lincolnton, Lincolnton-Lincoln County Regional Airport",2026-04-29T05:15:00+00:00,46141.21875,57.74,56.84,0,0,101590,16090,96.811478452777,,,,,,,,2026-05-03T16:57:07.104558+00:00
"Lincolnton, Lincolnton-Lincoln County Regional Airport",2026-04-29T04:55:00+00:00,46141.20486111111,57.74,56.84,0,0,101520,16090,96.811478452777,,,,,,,,2026-05-03T16:57:07.104574+00:00
"Lincolnton, Lincolnton-Lincoln County Regional Airport",2026-04-29T04:35:00+00:00,46141.19097222222,57.56,56.66,0,0,101520,16090,96.80903655784,,,,,,,,2026-05-03T16:57:07.104590+00:00
"Lincolnton, Lincolnton-Lincoln County Regional Airport",2026-04-29T04:15:00+00:00,46141.177083333336,58.459999999999994,57.02,0,0,101660,16090,94.956928693809,,,,,,,,2026-05-03T16:57:07.104607+00:00
"Lincolnton, Lincolnton-Lincoln County Regional Airport",2026-04-29T03:55:00+00:00,46141.163194444445,59.0,57.02,0,0,101730,16090,93.139753054128,,,,,,,,2026-05-03T16:57:07.104624+00:00
"Lincolnton, Lincolnton-Lincoln County Regional Airport",2026-04-29T03:35:00+00:00,46141.149305555555,59.18,57.2,0,0,101760,16090,93.144891674628,,,,,,,,2026-05-03T16:57:07.104640+00:00
"Lincolnton, Lincolnton-Lincoln County Regional Airport",2026-04-29T03:15:00+00:00,46141.135416666664,59.9,57.2,0,0,101760,16090,90.78397924352,,,,,,,,2026-05-03T16:57:07.104656+00:00
"Lincolnton, Lincolnton-Lincoln County Regional Airport",2026-04-29T02:55:00+00:00,46141.12152777778,60.8,57.2,0,0,101800,16090,87.926615024549,,,,,,OVC at 580m,Cloudy,2026-05-03T16:57:07.104673+00:00
"Lincolnton, Lincolnton-Lincoln County Regional Airport",2026-04-29T02:35:00+00:00,46141.10763888889,60.62,57.56,0,0,101800,16090,89.643932692475,,,,,,OVC at 580m,Cloudy,2026-05-03T16:57:07.104690+00:00
"Lincolnton, Lincolnton-Lincoln County Regional Airport",2026-04-29T02:15:00+00:00,46141.09375,60.8,57.56,0,0,101860,16090,89.073274829923,,,,,,OVC at 640m,Cloudy,2026-05-03T16:57:07.104707+00:00
"Lincolnton, Lincolnton-Lincoln County Regional Airport",2026-04-29T01:55:00+00:00,46141.07986111111,60.8,57.379999999999995,0,0,101900,16090,88.498310766726,,,,,,,,2026-05-03T16:57:07.104724+00:00
"Lincolnton, Lincolnton-Lincoln County Regional Airport",2026-04-29T01:35:00+00:00,46141.06597222222,60.8,57.56,220,5.4,101900,16090,89.073274829923,,,,,,,,2026-05-03T16:57:07.104740+00:00
"Lincolnton, Lincolnton-Lincoln County Regional Airport",2026-04-29T01:15:00+00:00,46141.052083333336,61.7,57.2,0,0,101830,16090,85.169678291864,,,,,,OVC at 640m,Cloudy,2026-05-03T16:57:07.104758+00:00
"Lincolnton, Lincolnton-Lincoln County Regional Airport",2026-04-29T00:55:00+00:00,46141.038194444445,61.88,57.379999999999995,0,0,101800,16090,85.180259475995,,,,,,,,2026-05-03T16:57:07.104774+00:00
"Lincolnton, Lincolnton-Lincoln County Regional Airport",2026-04-29T00:35:00+00:00,46141.024305555555,61.7,57.2,0,0,101730,16090,85.169678291864,,,,,,,,2026-05-03T16:57:07.104791+00:00
"Lincolnton, Lincolnton-Lincoln County Regional Airport",2026-04-29T00:15:00+00:00,46141.010416666664,62.24,57.2,200,7.56,101730,16090,83.562102042418,,,,,,OVC at 640m,Cloudy,2026-05-03T16:57:07.104808+00:00
"Lincolnton, Lincolnton-Lincoln County Regional Airport",2026-04-28T23:55:00+00:00,46140.99652777778,62.78,57.2,210,5.4,101730,16090,81.988472107309,,,,,,,,2026-05-03T16:57:07.104825+00:00
"Lincolnton, Lincolnton-Lincoln County Regional Airport",2026-04-28T23:35:00+00:00,46140.98263888889,63.32,57.379999999999995,190,7.56,101730,16090,80.971070023811,,,,,,,,2026-05-03T16:57:07.104842+00:00
"Lincolnton, Lincolnton-Lincoln County Regional Airport",2026-04-28T23:15:00+00:00,46140.96875,63.86,57.2,190,5.4,101690,16090,78.939917029334,,,,,,,,2026-05-03T16:57:07.104859+00:00
"Lincolnton, Lincolnton-Lincoln County Regional Airport",2026-04-28T22:55:00+00:00,46140.95486111111,64.4,56.84,200,5.4,101660,16090,76.464726761518,,,,,,,,2026-05-03T16:57:07.104875+00:00
"Lincolnton, Lincolnton-Lincoln County Regional Airport",2026-04-28T22:35:00+00:00,46140.94097222222,65.12,56.84,170,5.4,101660,16090,74.568857008461,,,,,,,,2026-05-03T16:57:07.104891+00:00
"Lincolnton, Lincolnton-Lincoln County Regional Airport",2026-04-28T22:15:00+00:00,46140.927083333336,65.48,56.3,210,11.16,101660,16090,72.218413086807,,,,,,SCT at 700m,Partly Cloudy,2026-05-03T16:57:07.104908+00:00
"Lincolnton, Lincolnton-Lincoln County Regional Airport",2026-04-28T21:55:00+00:00,46140.913194444445,64.75999999999999,56.3,230,12.96,101730,16090,74.05168067317,,,,,,,,2026-05-03T16:57:07.104925+00:00
"Lincolnton, Lincolnton-Lincoln County Regional Airport",2026-04-28T21:35:00+00:00,46140.899305555555,64.94,55.94,230,12.96,101760,16090,72.636050676412,,,,,,,,2026-05-03T16:57:07.104943+00:00
"Lincolnton, Lincolnton-Lincoln County Regional Airport",2026-04-28T21:15:00+00:00,46140.885416666664,66.02,56.48,240,14.76,101830,16090,71.339512071373,,,,,,OVC at 640m,Cloudy,2026-05-03T16:57:07.104960+00:00
"Lincolnton, Lincolnton-Lincoln County Regional Airport",2026-04-28T20:55:00+00:00,46140.87152777778,65.12,55.94,220,11.16,101800,16090,72.182087629208,,,,,,OVC at 640m,Cloudy,2026-05-03T16:57:07.104977+00:00
"Lincolnton, Lincolnton-Lincoln County Regional Airport",2026-04-28T20:35:00+00:00,46140.85763888889,64.4,55.4,240,18.36,101830,16090,72.582141630914,,,,,,OVC at 640m,Cloudy,2026-05-03T16:57:07.104995+00:00
"Lincolnton, Lincolnton-Lincoln County Regional Airport",2026-04-28T20:15:00+00:00,46140.84375,62.959999999999994,54.86,230,16.56,101860,16090,74.853890854285,,,,,,OVC at 640m,Cloudy,2026-05-03T16:57:07.105012+00:00
"Lincolnton, Lincolnton-Lincoln County Regional Airport",2026-04-28T19:55:00+00:00,46140.82986111111,62.42,54.5,220,14.76,101900,16090,75.295895120814,,,,,,,,2026-05-03T16:57:07.105029+00:00
"Lincolnton, Lincolnton-Lincoln County Regional Airport",2026-04-28T19:35:00+00:00,46140.81597222222,62.42,54.32,200,12.96,101930,16090,74.803395193386,,,,,,,,2026-05-03T16:57:07.105046+00:00
"Lincolnton, Lincolnton-Lincoln County Regional Airport",2026-04-28T19:15:00+00:00,46140.802083333336,62.959999999999994,54.32,,,101970,16090,73.395780781098,,,,,,BKN at 520m; OVC at 670m,Cloudy,2026-05-03T16:57:07.105064+00:00
"Lincolnton, Lincolnton-Lincoln County Regional Airport",2026-04-28T18:55:00+00:00,46140.788194444445,61.16,54.5,230,12.96,102000,16090,78.721989351577,,,,,,OVC at 460m,Cloudy,2026-05-03T16:57:07.105081+00:00
"Lincolnton, Lincolnton-Lincoln County Regional Airport",2026-04-28T18:35:00+00:00,46140.774305555555,59.72,53.78,220,14.76,102030,16090,80.704233935046,,,,,,OVC at 400m,Cloudy,2026-05-03T16:57:07.105099+00:00
"Lincolnton, Lincolnton-Lincoln County Regional Airport",2026-04-28T18:15:00+00:00,46140.760416666664,59.72,53.78,210,16.56,102070,16090,80.704233935046,,,,,,OVC at 400m,Cloudy,2026-05-03T16:57:07.105116+00:00
"Lincolnton, Lincolnton-Lincoln County Regional Airport",2026-04-28T17:55:00+00:00,46140.74652777778,59.18,53.96,220,11.16,102070,16090,82.816833399133,,,,,,OVC at 340m,Cloudy,2026-05-03T16:57:07.105133+00:00
"Lincolnton, Lincolnton-Lincoln County Regional Airport",2026-04-28T17:35:00+00:00,46140.73263888889,58.82,53.6,220,18.36,102100,16090,82.792476146031,,,,,,OVC at 340m,Cloudy,2026-05-03T16:57:07.105151+00:00
"Lincolnton, Lincolnton-Lincoln County Regional Airport",2026-04-28T17:15:00+00:00,46140.71875,59.72,54.14,220,14.76,102100,16090,81.772537057606,,,,,,OVC at 340m,Cloudy,2026-05-03T16:57:07.105168+00:00
"Lincolnton, Lincolnton-Lincoln County Regional Airport",2026-04-28T16:55:00+00:00,46140.70486111111,59.0,53.96,220,20.52,102130,16090,83.351127453408,,,,,,OVC at 340m,Cloudy,2026-05-03T16:57:07.105185+00:00
"Lincolnton, Lincolnton-Lincoln County Regional Airport",2026-04-28T16:35:00+00:00,46140.69097222222,59.0,54.5,220,22.32,102170,16090,85.009634606816,,,,,,,,2026-05-03T16:57:07.105219+00:00
"Lincolnton, Lincolnton-Lincoln County Regional Airport",2026-04-28T16:15:00+00:00,46140.677083333336,57.379999999999995,53.78,220,20.52,102200,16090,87.758311079563,,,,,,,,2026-05-03T16:57:07.105236+00:00
"Lincolnton, Lincolnton-Lincoln County Regional Airport",2026-04-28T15:55:00+00:00,46140.663194444445,57.2,53.96,,,102200,16090,88.911836076236,,,,,,OVC at 210m,Cloudy,2026-05-03T16:57:07.105254+00:00
"Lincolnton, Lincolnton-Lincoln County Regional Airport",2026-04-28T15:35:00+00:00,46140.649305555555,56.48,54.14,240,16.56,102200,16090,91.853239694272,,,,,,OVC at 210m,Cloudy,2026-05-03T16:57:07.105271+00:00
"Lincolnton, Lincolnton-Lincoln County Regional Airport",2026-04-28T15:15:00+00:00,46140.635416666664,55.58,53.78,220,16.56,102200,16090,93.655529530099,,,,,,OVC at 150m,Cloudy,2026-05-03T16:57:07.105289+00:00
"Lincolnton, Lincolnton-Lincoln County Regional Airport",2026-04-28T14:55:00+00:00,46140.62152777778,55.04,53.6,220,12.96,102200,16090,94.883587133347,,,,,,,,2026-05-03T16:57:07.105306+00:00
"Lincolnton, Lincolnton-Lincoln County Regional Airport",2026-04-28T14:35:00+00:00,46140.60763888889,53.96,53.06,210,12.96,102170,16090,96.759606973144,,,,,,,,2026-05-03T16:57:07.105322+00:00
"Lincolnton, Lincolnton-Lincoln County Regional Airport",2026-04-28T14:15:00+00:00,46140.59375,52.7,51.8,160,11.16,102070,11270,96.74203655145,,,,,,BKN at 150m; BKN at 340m; OVC at 1040m,Cloudy,2026-05-03T16:57:07.105340+00:00
"Lincolnton, Lincolnton-Lincoln County Regional Airport",2026-04-28T13:55:00+00:00,46140.57986111111,52.7,51.8,0,0,102270,11270,96.74203655145,,,,,,,,2026-05-03T16:57:07.105357+00:00
"Lincolnton, Lincolnton-Lincoln County Regional Airport",2026-04-28T13:35:00+00:00,46140.56597222222,52.34,51.620000000000005,210,5.4,102370,11270,97.38197900663,,,,,,,,2026-05-03T16:57:07.105374+00:00
"Lincolnton, Lincolnton-Lincoln County Regional Airport",2026-04-28T13:15:00+00:00,46140.552083333336,52.34,51.8,0,0,102440,3220,98.030755241532,,,1,,,SCT at 370m; BKN at 1460m; OVC at 1680m,Rain,2026-05-03T16:57:07.105392+00:00
"Lincolnton, Lincolnton-Lincoln County Regional Airport",2026-04-28T12:55:00+00:00,46140.538194444445,52.16,51.620000000000005,0,0,102510,8050,98.029220277016,,,3,,,,,2026-05-03T16:57:07.105409+00:00
"Lincolnton, Lincolnton-Lincoln County Regional Airport",2026-04-28T12:35:00+00:00,46140.524305555555,51.98,51.26,0,0,102440,8050,97.377908103726,,,2,,,,,2026-05-03T16:57:07.105427+00:00
"Lincolnton, Lincolnton-Lincoln County Regional Airport",2026-04-28T12:15:00+00:00,46140.510416666664,51.8,50.9,0,0,102440,4830,96.729399111214,,,1.3,,,SCT at 1250m; SCT at 1460m; OVC at 1520m,Rain,2026-05-03T16:57:07.105443+00:00
"Lincolnton, Lincolnton-Lincoln County Regional Airport",2026-04-28T11:55:00+00:00,46140.49652777778,51.8,50.54,0,0,102370,6440,95.447800429241,,,4.3,,,BKN at 1520m; OVC at 1830m,Rain,2026-05-03T16:57:07.105459+00:00
"Lincolnton, Lincolnton-Lincoln County Regional Airport",2026-04-28T11:35:00+00:00,46140.48263888889,51.26,50.0,180,5.4,102440,8050,95.437264796374,,,3.3,,,SCT at 850m; BKN at 1830m; OVC at 2130m,Heavy Rain,2026-05-03T16:57:07.105476+00:00
"Lincolnton, Lincolnton-Lincoln County Regional Airport",2026-04-28T11:15:00+00:00,46140.46875,50.72,49.1,170,9.36,102410,6440,94.154387946012,,,0.8,,,SCT at 850m; BKN at 1460m; OVC at 2130m,Rain,2026-05-03T16:57:07.105492+00:00
"Lincolnton, Lincolnton-Lincoln County Regional Airport",2026-04-28T10:55:00+00:00,46140.45486111111,50.0,48.379999999999995,0,0,102470,16090,94.136413226942,,,,,,SCT at 520m; BKN at 910m; OVC at 2130m,Cloudy,2026-05-03T16:57:07.105509+00:00
"Lincolnton, Lincolnton-Lincoln County Regional Airport",2026-04-28T10:35:00+00:00,46140.44097222222,50.72,48.56,0,0,102470,16090,92.273983434752,,,,,,BKN at 520m; BKN at 820m; OVC at 2290m,Cloudy,2026-05-03T16:57:07.105525+00:00
"Lincolnton, Lincolnton-Lincoln County Regional Airport",2026-04-28T10:15:00+00:00,46140.427083333336,47.66,46.58,330,5.4,102300,16090,96.016248080138,,,,8.166272968424444,,,,2026-05-03T16:57:07.105541+00:00
"Lincolnton, Lincolnton-Lincoln County Regional Airport",2026-04-28T09:55:00+00:00,46140.413194444445,46.4,45.5,0,0,102170,16090,96.652016336148,,,,,,OVC at 2290m,Cloudy,2026-05-03T16:57:07.105557+00:00
"Lincolnton, Lincolnton-Lincoln County Regional Airport",2026-04-28T09:35:00+00:00,46140.399305555555,45.86,45.14,0,0,102100,16090,97.307231332486,,,,,,BKN at 2590m,Mostly Cloudy,2026-05-03T16:57:07.105572+00:00
"Lincolnton, Lincolnton-Lincoln County Regional Airport",2026-04-28T09:15:00+00:00,46140.385416666664,43.879999999999995,43.16,0,0,102070,16090,97.283755601298,,,,,,SCT at 2590m,Partly Cloudy,2026-05-03T16:57:07.105587+00:00
"Lincolnton, Lincolnton-Lincoln County Regional Airport",2026-04-28T08:55:00+00:00,46140.37152777778,45.68,44.96,0,0,102100,16090,97.305109717079,,,,,,SCT at 2590m,Partly Cloudy,2026-05-03T16:57:07.105602+00:00
"Lincolnton, Lincolnton-Lincoln County Regional Airport",2026-04-28T08:35:00+00:00,46140.35763888889,45.86,45.32,0,0,102100,16090,97.97434914282,,,,,,SCT at 2740m,Partly Cloudy,2026-05-03T16:57:07.105617+00:00
"Lincolnton, Lincolnton-Lincoln County Regional Airport",2026-04-28T08:15:00+00:00,46140.34375,45.14,44.06,0,0,102100,16090,95.972425401798,,,,,,CLR at Nonem,Clear,2026-05-03T16:57:07.105632+00:00
"Lincolnton, Lincolnton-Lincoln County Regional Airport",2026-04-28T07:55:00+00:00,46140.32986111111,45.86,44.96,0,0,102100,16090,96.644128255132,,,,,,CLR at Nonem,Clear,2026-05-03T16:57:07.105647+00:00
"Lincolnton, Lincolnton-Lincoln County Regional Airport",2026-04-28T07:35:00+00:00,46140.31597222222,46.22,45.14,0,0,102100,16090,95.991294028338,,,,,,CLR at Nonem,Clear,2026-05-03T16:57:07.105662+00:00
"Lincolnton, Lincolnton-Lincoln County Regional Airport",2026-04-28T07:15:00+00:00,46140.302083333336,46.76,45.86,0,0,102170,16090,96.657259706359,,,,,,CLR at Nonem,Clear,2026-05-03T16:57:07.105677+00:00
"Lincolnton, Lincolnton-Lincoln County Regional Airport",2026-04-28T06:55:00+00:00,46140.288194444445,46.22,45.5,0,0,102130,16090,97.311467088914,,,,,,CLR at Nonem,Clear,2026-05-03T16:57:07.105691+00:00
"Lincolnton, Lincolnton-Lincoln County Regional Airport",2026-04-28T06:35:00+00:00,46140.274305555555,46.58,45.32,0,0,102200,16090,95.344416737847,,,,,,CLR at Nonem,Clear,2026-05-03T16:57:07.105707+00:00
"Lincolnton, Lincolnton-Lincoln County Regional Airport",2026-04-28T06:15:00+00:00,46140.260416666664,48.02,46.58,0,0,102240,16090,94.727991536395,,,,,,CLR at Nonem,Clear,2026-05-03T16:57:07.105721+00:00
"Lincolnton, Lincolnton-Lincoln County Regional Airport",2026-04-28T05:55:00+00:00,46140.24652777778,48.2,46.76,0,0,102240,16090,94.732068498213,,,,,,CLR at Nonem,Clear,2026-05-03T16:57:07.105736+00:00
"Lincolnton, Lincolnton-Lincoln County Regional Airport",2026-04-28T05:35:00+00:00,46140.23263888889,47.48,46.4,0,0,102270,16090,96.013141496065,,,,,,,,2026-05-03T16:57:07.105751+00:00
"Lincolnton, Lincolnton-Lincoln County Regional Airport",2026-04-28T05:15:00+00:00,46140.21875,48.2,46.94,0,0,102270,16090,95.376871969855,,,,,,,,2026-05-03T16:57:07.105765+00:00
"Lincolnton, Lincolnton-Lincoln County Regional Airport",2026-04-28T04:35:00+00:00,46140.19097222222,47.48,46.58,0,0,102270,16090,96.667709776392,,,,,,,,2026-05-03T16:57:07.105779+00:00
"Lincolnton, Lincolnton-Lincoln County Regional Airport",2026-04-28T04:15:00+00:00,46140.177083333336,47.84,46.76,0,0,102270,16090,96.019351060199,,,,,,CLR at Nonem,Clear,2026-05-03T16:57:07.105794+00:00
"Lincolnton, Lincolnton-Lincoln County Regional Airport",2026-04-28T03:55:00+00:00,46140.163194444445,50.0,48.74,0,0,102270,16090,95.412540128468,,,,,,CLR at Nonem,Clear,2026-05-03T16:57:07.105809+00:00
"Lincolnton, Lincolnton-Lincoln County Regional Airport",2026-04-28T03:35:00+00:00,46140.149305555555,50.0,49.1,0,0,102240,16090,96.703903922514,,,,,,CLR at Nonem,Clear,2026-05-03T16:57:07.105824+00:00
"Lincolnton, Lincolnton-Lincoln County Regional Airport",2026-04-28T03:15:00+00:00,46140.135416666664,51.08,50.0,0,0,102240,16090,96.074594670841,,,,,,CLR at Nonem,Clear,2026-05-03T16:57:07.105839+00:00
"Lincolnton, Lincolnton-Lincoln County Regional Airport",2026-04-28T02:55:00+00:00,46140.12152777778,50.36,48.92,0,0,102240,16090,94.780628829889,,,,,,CLR at Nonem,Clear,2026-05-03T16:57:07.105870+00:00
"Lincolnton, Lincolnton-Lincoln County Regional Airport",2026-04-28T02:35:00+00:00,46140.10763888889,51.8,49.64,0,0,102240,16090,92.309079222383,,,,,,CLR at Nonem,Clear,2026-05-03T16:57:07.105886+00:00
"Lincolnton, Lincolnton-Lincoln County Regional Airport",2026-04-28T02:15:00+00:00,46140.09375,52.7,50.0,0,0,102200,16090,90.505533643664,,,,,,CLR at Nonem,Clear,2026-05-03T16:57:07.105901+00:00
"Lincolnton, Lincolnton-Lincoln County Regional Airport",2026-04-28T01:55:00+00:00,46140.07986111111,54.5,51.08,0,0,102200,16090,88.199454446879,,,,,,,,2026-05-03T16:57:07.105916+00:00
"Lincolnton, Lincolnton-Lincoln County Regional Airport",2026-04-28T01:35:00+00:00,46140.06597222222,53.96,50.36,0,0,102200,16090,87.586552749345,,,,,,,,2026-05-03T16:57:07.105930+00:00
"Lincolnton, Lincolnton-Lincoln County Regional Airport",2026-04-28T01:15:00+00:00,46140.052083333336,55.76,50.72,0,0,102200,16090,83.13621617503,,,,,,CLR at Nonem,Clear,2026-05-03T16:57:07.105945+00:00
"Lincolnton, Lincolnton-Lincoln County Regional Airport",2026-04-28T00:55:00+00:00,46140.038194444445,57.2,51.08,0,0,102200,16090,79.980137852982,,,,,,CLR at Nonem,Clear,2026-05-03T16:57:07.105960+00:00
"Lincolnton, Lincolnton-Lincoln County Regional Airport",2026-04-28T00:35:00+00:00,46140.024305555555,58.28,51.08,0,0,102200,16090,76.93556732071,,,,,,CLR at Nonem,Clear,2026-05-03T16:57:07.105975+00:00
"Lincolnton, Lincolnton-Lincoln County Regional Airport",2026-04-28T00:15:00+00:00,46140.010416666664,59.36,48.92,0,0,102130,16090,68.310103769285,,,,,,CLR at Nonem,Clear,2026-05-03T16:57:07.105990+00:00
"Lincolnton, Lincolnton-Lincoln County Regional Airport",2026-04-27T23:55:00+00:00,46139.99652777778,62.78,51.26,0,0,102100,16090,66.012399355764,,,,,,,,2026-05-03T16:57:07.106005+00:00
"Lincolnton, Lincolnton-Lincoln County Regional Airport",2026-04-27T23:35:00+00:00,46139.98263888889,66.56,48.74,0,0,102100,16090,52.684390812086,,,,,,,,2026-05-03T16:57:07.106019+00:00
"Lincolnton, Lincolnton-Lincoln County Regional Airport",2026-04-27T23:15:00+00:00,46139.96875,69.62,48.379999999999995,0,0,102100,16090,46.7888739768,,,,,,CLR at Nonem,Clear,2026-05-03T16:57:07.106034+00:00
"Lincolnton, Lincolnton-Lincoln County Regional Airport",2026-04-27T22:55:00+00:00,46139.95486111111,69.44,47.84,0,0,102100,16090,46.134402575793,,,,,,,,2026-05-03T16:57:07.106049+00:00
"Lincolnton, Lincolnton-Lincoln County Regional Airport",2026-04-27T22:35:00+00:00,46139.94097222222,70.34,47.48,70,7.56,102070,16090,44.138427008785,,,,,20.638058927451667,,,2026-05-03T16:57:07.106064+00:00
"Lincolnton, Lincolnton-Lincoln County Regional Airport",2026-04-27T22:15:00+00:00,46139.927083333336,70.34,46.04,0,0,102100,16090,41.806034448799,,,,,20.577157566163333,CLR at Nonem,Clear,2026-05-03T16:57:07.106080+00:00
"Lincolnton, Lincolnton-Lincoln County Regional Airport",2026-04-27T21:55:00+00:00,46139.913194444445,70.52,46.58,0,0,102100,16090,42.406940071229,,,,,20.702847879637776,CLR at Nonem,Clear,2026-05-03T16:57:07.106096+00:00
"Lincolnton, Lincolnton-Lincoln County Regional Airport",2026-04-27T21:35:00+00:00,46139.899305555555,70.88,45.86,0,0,102100,16090,40.766474943452,,,,,20.880013512412223,CLR at Nonem,Clear,2026-05-03T16:57:07.106112+00:00
"Lincolnton, Lincolnton-Lincoln County Regional Airport",2026-04-27T21:15:00+00:00,46139.885416666664,71.78,46.94,110,9.36,102100,16090,41.186812983662,,,,,21.440989005684443,CLR at Nonem,Clear,2026-05-03T16:57:07.106128+00:00
"Lincolnton, Lincolnton-Lincoln County Regional Airport",2026-04-27T20:55:00+00:00,46139.87152777778,70.88,45.68,50,7.56,102100,16090,40.489553368779,,,,,20.87278278240722,CLR at Nonem,Clear,2026-05-03T16:57:07.106144+00:00
"Lincolnton, Lincolnton-Lincoln County Regional Airport",2026-04-27T20:35:00+00:00,46139.85763888889,70.7,46.04,0,0,102100,16090,41.296980284825,,,,,20.783865596326113,CLR at Nonem,Clear,2026-05-03T16:57:07.106160+00:00
"Lincolnton, Lincolnton-Lincoln County Regional Airport",2026-04-27T20:15:00+00:00,46139.84375,70.34,45.86,0,0,102130,16090,41.522276931766,,,,,20.56974834210722,CLR at Nonem,Clear,2026-05-03T16:57:07.106176+00:00
"Lincolnton, Lincolnton-Lincoln County Regional Airport",2026-04-27T19:55:00+00:00,46139.82986111111,69.8,45.86,100,12.96,102170,16090,42.293856798791,,,,,,,,2026-05-03T16:57:07.106192+00:00
"Lincolnton, Lincolnton-Lincoln County Regional Airport",2026-04-27T19:35:00+00:00,46139.81597222222,69.8,45.86,60,7.56,102170,16090,42.293856798791,,,,,,,,2026-05-03T16:57:07.106207+00:00
"Lincolnton, Lincolnton-Lincoln County Regional Airport",2026-04-27T19:15:00+00:00,46139.802083333336,68.9,45.68,70,9.36,102200,16090,43.319601703882,,,,,,CLR at Nonem,Clear,2026-05-03T16:57:07.106221+00:00
"Lincolnton, Lincolnton-Lincoln County Regional Airport",2026-04-27T18:55:00+00:00,46139.788194444445,68.36,46.4,50,11.16,102200,16090,45.347753459063,,,,,,CLR at Nonem,Clear,2026-05-03T16:57:07.106237+00:00
"Lincolnton, Lincolnton-Lincoln County Regional Airport",2026-04-27T18:35:00+00:00,46139.774305555555,68.36,47.3,80,9.36,102200,16090,46.912228508697,,,,,,CLR at Nonem,Clear,2026-05-03T16:57:07.106253+00:00
"Lincolnton, Lincolnton-Lincoln County Regional Airport",2026-04-27T18:15:00+00:00,46139.760416666664,67.1,46.76,100,11.16,102270,16090,48.006226800302,,,,,,CLR at Nonem,Clear,2026-05-03T16:57:07.106268+00:00
"Lincolnton, Lincolnton-Lincoln County Regional Airport",2026-04-27T17:55:00+00:00,46139.74652777778,66.38,45.32,0,0,102270,16090,46.607611338089,,,,,,CLR at Nonem,Clear,2026-05-03T16:57:07.106283+00:00
"Lincolnton, Lincolnton-Lincoln County Regional Airport",2026-04-27T17:35:00+00:00,46139.73263888889,65.48,46.04,40,11.16,102300,16090,49.415622742299,,,,,,CLR at Nonem,Clear,2026-05-03T16:57:07.106298+00:00
"Lincolnton, Lincolnton-Lincoln County Regional Airport",2026-04-27T17:15:00+00:00,46139.71875,64.4,46.04,30,9.36,102340,16090,51.31061883509,,,,,,CLR at Nonem,Clear,2026-05-03T16:57:07.106313+00:00
"Lincolnton, Lincolnton-Lincoln County Regional Airport",2026-04-27T16:55:00+00:00,46139.70486111111,63.86,45.86,360,5.4,102340,16090,51.933684421613,,,,,,SCT at 1070m,Partly Cloudy,2026-05-03T16:57:07.106328+00:00
"Lincolnton, Lincolnton-Lincoln County Regional Airport",2026-04-27T16:35:00+00:00,46139.69097222222,62.6,45.86,30,11.16,102370,16090,54.281936565441,,,,,,SCT at 1070m,Partly Cloudy,2026-05-03T16:57:07.106343+00:00
"Lincolnton, Lincolnton-Lincoln County Regional Airport",2026-04-27T16:15:00+00:00,46139.677083333336,61.34,44.96,50,7.56,102410,16090,54.845460329725,,,,,,,,2026-05-03T16:57:07.106359+00:00
"Lincolnton, Lincolnton-Lincoln County Regional Airport",2026-04-27T15:55:00+00:00,46139.663194444445,61.7,44.78,20,12.96,102410,16090,53.78249328145,,,,,,CLR at Nonem,Clear,2026-05-03T16:57:07.106373+00:00
"Lincolnton, Lincolnton-Lincoln County Regional Airport",2026-04-27T15:35:00+00:00,46139.649305555555,60.26,44.96,30,14.76,102370,16090,56.986918166228,,,,,,SCT at 910m,Partly Cloudy,2026-05-03T16:57:07.106389+00:00
"Lincolnton, Lincolnton-Lincoln County Regional Airport",2026-04-27T15:15:00+00:00,46139.635416666664,60.62,45.5,40,16.56,102370,16090,57.427987069489,,,,,,SCT at 850m,Partly Cloudy,2026-05-03T16:57:07.106404+00:00
"Lincolnton, Lincolnton-Lincoln County Regional Airport",2026-04-27T14:55:00+00:00,46139.62152777778,59.18,44.6,20,14.76,102370,16090,58.41717786666,,,,,,BKN at 850m,Mostly Cloudy,2026-05-03T16:57:07.106420+00:00
"Lincolnton, Lincolnton-Lincoln County Regional Airport",2026-04-27T14:35:00+00:00,46139.60763888889,57.56,44.6,30,12.96,102410,16090,61.909096339319,,,,,,OVC at 790m,Cloudy,2026-05-03T16:57:07.106435+00:00
"Lincolnton, Lincolnton-Lincoln County Regional Airport",2026-04-27T14:15:00+00:00,46139.59375,55.4,44.06,40,14.76,102440,16090,65.570915418821,,,,,,OVC at 730m,Cloudy,2026-05-03T16:57:07.106450+00:00
"Lincolnton, Lincolnton-Lincoln County Regional Airport",2026-04-27T13:55:00+00:00,46139.57986111111,55.04,44.42,50,9.36,102440,16090,67.352218104679,,,,,,,,2026-05-03T16:57:07.106465+00:00
"Lincolnton, Lincolnton-Lincoln County Regional Airport",2026-04-27T13:35:00+00:00,46139.56597222222,53.6,43.7,40,11.16,102440,16090,69.06052120003,,,,,,,,2026-05-03T16:57:07.106492+00:00
"Lincolnton, Lincolnton-Lincoln County Regional Airport",2026-04-27T13:15:00+00:00,46139.552083333336,53.24,43.16,30,12.96,102440,16090,68.54584034593,,,,,,,,2026-05-03T16:57:07.106509+00:00
"Lincolnton, Lincolnton-Lincoln County Regional Airport",2026-04-27T12:55:00+00:00,46139.538194444445,52.879999999999995,43.34,40,16.56,102440,16090,69.937195801987,,,,,,OVC at 730m,Cloudy,2026-05-03T16:57:07.106524+00:00
"Lincolnton, Lincolnton-Lincoln County Regional Airport",2026-04-27T12:35:00+00:00,46139.524305555555,52.52,43.7,50,12.96,102440,16090,71.850642504658,,,,,,OVC at 730m,Cloudy,2026-05-03T16:57:07.106540+00:00
"Lincolnton, Lincolnton-Lincoln County Regional Airport",2026-04-27T12:15:00+00:00,46139.510416666664,51.98,43.34,50,9.36,102410,16090,72.290575511842,,,,,,OVC at 730m,Cloudy,2026-05-03T16:57:07.106556+00:00
"Lincolnton, Lincolnton-Lincoln County Regional Airport",2026-04-27T11:55:00+00:00,46139.49652777778,51.44,43.16,20,14.76,102410,16090,73.238497620288,,,,,,OVC at 730m,Cloudy,2026-05-03T16:57:07.106571+00:00
"Lincolnton, Lincolnton-Lincoln County Regional Airport",2026-04-27T11:35:00+00:00,46139.48263888889,51.08,42.8,40,7.56,102410,16090,73.202187627119,,,,,,OVC at 730m,Cloudy,2026-05-03T16:57:07.106586+00:00
"Lincolnton, Lincolnton-Lincoln County Regional Airport",2026-04-27T11:15:00+00:00,46139.46875,50.9,42.620000000000005,40,11.16,102370,16090,73.184006867889,,,,,,OVC at 730m,Cloudy,2026-05-03T16:57:07.106602+00:00
"Lincolnton, Lincolnton-Lincoln County Regional Airport",2026-04-27T10:55:00+00:00,46139.45486111111,50.9,42.8,50,12.96,102370,16090,73.691418598826,,,,,,,,2026-05-03T16:57:07.106617+00:00
"Lincolnton, Lincolnton-Lincoln County Regional Airport",2026-04-27T10:35:00+00:00,46139.44097222222,50.9,42.260000000000005,50,12.96,102340,16090,72.178437910796,,,,,,,,2026-05-03T16:57:07.106632+00:00
"Lincolnton, Lincolnton-Lincoln County Regional Airport",2026-04-27T10:15:00+00:00,46139.427083333336,51.08,43.16,50,11.16,102300,16090,74.219547622524,,,,,,,,2026-05-03T16:57:07.106647+00:00
"Lincolnton, Lincolnton-Lincoln County Regional Airport",2026-04-27T09:55:00+00:00,46139.413194444445,51.08,42.8,40,11.16,102270,16090,73.202187627119,,,,,,,,2026-05-03T16:57:07.106662+00:00
"Lincolnton, Lincolnton-Lincoln County Regional Airport",2026-04-27T09:35:00+00:00,46139.399305555555,50.9,42.8,60,14.76,102270,16090,73.691418598826,,,,,,,,2026-05-03T16:57:07.106677+00:00
"Lincolnton, Lincolnton-Lincoln County Regional Airport",2026-04-27T09:15:00+00:00,46139.385416666664,51.26,42.44,50,14.76,102270,16090,71.718236957441,,,,,,OVC at 730m,Cloudy,2026-05-03T16:57:07.106691+00:00
"Lincolnton, Lincolnton-Lincoln County Regional Airport",2026-04-27T08:55:00+00:00,46139.37152777778,51.44,42.08,50,18.36,102240,16090,70.263174649896,,,,,,OVC at 790m,Cloudy,2026-05-03T16:57:07.106707+00:00
"Lincolnton, Lincolnton-Lincoln County Regional Airport",2026-04-27T08:35:00+00:00,46139.35763888889,51.8,42.260000000000005,60,14.76,102200,16090,69.817769278974,,,,,,OVC at 790m,Cloudy,2026-05-03T16:57:07.106722+00:00
"Lincolnton, Lincolnton-Lincoln County Regional Airport",2026-04-27T08:15:00+00:00,46139.34375,51.98,42.260000000000005,60,16.56,102200,16090,69.356071509587,,,,,,OVC at 790m,Cloudy,2026-05-03T16:57:07.106738+00:00
"Lincolnton, Lincolnton-Lincoln County Regional Airport",2026-04-27T07:55:00+00:00,46139.32986111111,52.34,42.8,50,12.96,102170,16090,69.877563804682,,,,,,,,2026-05-03T16:57:07.106753+00:00
"Lincolnton, Lincolnton-Lincoln County Regional Airport",2026-04-27T07:35:00+00:00,46139.31597222222,52.7,43.16,30,16.56,102170,16090,69.91733649652,,,,,,,,2026-05-03T16:57:07.106768+00:00
"Lincolnton, Lincolnton-Lincoln County Regional Airport",2026-04-27T07:15:00+00:00,46139.302083333336,53.06,43.7,40,20.52,102170,16090,70.440126204134,,,,,,OVC at 790m,Cloudy,2026-05-03T16:57:07.106783+00:00
"Lincolnton, Lincolnton-Lincoln County Regional Airport",2026-04-27T06:55:00+00:00,46139.288194444445,53.42,43.879999999999995,50,18.36,102170,16090,69.996665784626,,,,,,OVC at 790m,Cloudy,2026-05-03T16:57:07.106798+00:00
"Lincolnton, Lincolnton-Lincoln County Regional Airport",2026-04-27T06:35:00+00:00,46139.274305555555,53.78,44.6,50,12.96,102130,16090,71.003318492186,,,,,,,,2026-05-03T16:57:07.106813+00:00
"Lincolnton, Lincolnton-Lincoln County Regional Airport",2026-04-27T06:15:00+00:00,46139.260416666664,53.24,44.6,60,14.76,102170,16090,72.420610941741,,,,,,BKN at 790m,Mostly Cloudy,2026-05-03T16:57:07.106828+00:00
"Lincolnton, Lincolnton-Lincoln County Regional Airport",2026-04-27T05:55:00+00:00,46139.24652777778,53.06,44.78,60,9.36,102170,16090,73.401046268217,,,,,,CLR at Nonem,Clear,2026-05-03T16:57:07.106844+00:00
"Lincolnton, Lincolnton-Lincoln County Regional Airport",2026-04-27T05:35:00+00:00,46139.23263888889,53.78,45.68,60,22.32,102170,16090,73.97575594036,,,,,,CLR at Nonem,Clear,2026-05-03T16:57:07.106859+00:00
"Lincolnton, Lincolnton-Lincoln County Regional Airport",2026-04-27T05:15:00+00:00,46139.21875,53.96,46.76,60,12.96,102100,16090,76.552329660874,,,,,,CLR at Nonem,Clear,2026-05-03T16:57:07.106874+00:00
"Lincolnton, Lincolnton-Lincoln County Regional Airport",2026-04-27T04:35:00+00:00,46139.19097222222,55.4,47.66,70,12.96,102100,16090,75.143609048694,,,,,,,,2026-05-03T16:57:07.106889+00:00
"Lincolnton, Lincolnton-Lincoln County Regional Airport",2026-04-27T04:15:00+00:00,46139.177083333336,55.94,48.2,50,12.96,102070,16090,75.19428725692,,,,,,,,2026-05-03T16:57:07.106903+00:00
"Lincolnton, Lincolnton-Lincoln County Regional Airport",2026-04-27T03:55:00+00:00,46139.163194444445,56.66,48.74,50,11.16,102030,16090,74.757230463004,,,,,,CLR at Nonem,Clear,2026-05-03T16:57:07.106918+00:00
"Lincolnton, Lincolnton-Lincoln County Regional Airport",2026-04-27T03:35:00+00:00,46139.149305555555,57.379999999999995,49.1,60,9.36,102000,16090,73.82782755457,,,,,,,,2026-05-03T16:57:07.106933+00:00
"Lincolnton, Lincolnton-Lincoln County Regional Airport",2026-04-27T03:15:00+00:00,46139.135416666664,58.1,50.0,60,16.56,101970,16090,74.394260699619,,,,,,,,2026-05-03T16:57:07.106949+00:00
"Lincolnton, Lincolnton-Lincoln County Regional Airport",2026-04-27T02:55:00+00:00,46139.12152777778,58.82,50.36,50,7.56,101970,16090,73.475734440703,,,,,,BKN at 1340m,Mostly Cloudy,2026-05-03T16:57:07.106964+00:00
"Lincolnton, Lincolnton-Lincoln County Regional Airport",2026-04-27T02:35:00+00:00,46139.10763888889,58.64,50.54,40,7.56,101930,16090,74.445909681891,,,,,,SCT at 1430m,Partly Cloudy,2026-05-03T16:57:07.106979+00:00
"Lincolnton, Lincolnton-Lincoln County Regional Airport",2026-04-27T02:15:00+00:00,46139.09375,59.72,50.54,60,11.16,101930,16090,71.629210105037,,,,,,SCT at 1430m,Partly Cloudy,2026-05-03T16:57:07.106994+00:00
"Lincolnton, Lincolnton-Lincoln County Regional Airport",2026-04-27T01:55:00+00:00,46139.07986111111,60.62,50.54,60,9.36,101900,16090,69.373013675047,,,,,,BKN at 1370m,Mostly Cloudy,2026-05-03T16:57:07.107009+00:00
"Lincolnton, Lincolnton-Lincoln County Regional Airport",2026-04-27T01:35:00+00:00,46139.06597222222,61.16,50.9,60,14.76,101860,16090,68.97140965467,,,,,,,,2026-05-03T16:57:07.107024+00:00
"Lincolnton, Lincolnton-Lincoln County Regional Airport",2026-04-27T01:15:00+00:00,46139.052083333336,61.88,51.620000000000005,50,9.36,101830,16090,69.051223916767,,,,,,,,2026-05-03T16:57:07.107039+00:00
"Lincolnton, Lincolnton-Lincoln County Regional Airport",2026-04-27T00:55:00+00:00,46139.038194444445,63.32,51.98,40,14.76,101800,16090,66.516216159477,,,,,,,,2026-05-03T16:57:07.107054+00:00
"Lincolnton, Lincolnton-Lincoln County Regional Airport",2026-04-27T00:35:00+00:00,46139.024305555555,64.22,52.16,80,12.96,101730,16090,64.881309659223,,,,,,OVC at 1430m,Cloudy,2026-05-03T16:57:07.107069+00:00
"Lincolnton, Lincolnton-Lincoln County Regional Airport",2026-04-27T00:15:00+00:00,46139.010416666664,64.75999999999999,52.7,60,9.36,101690,16090,64.946618594146,,,,,,OVC at 1430m,Cloudy,2026-05-03T16:57:07.107085+00:00
"Lincolnton, Lincolnton-Lincoln County Regional Airport",2026-04-26T23:55:00+00:00,46138.99652777778,65.48,52.7,80,11.16,101660,16090,63.338761356738,,,,,,OVC at 1430m,Cloudy,2026-05-03T16:57:07.107101+00:00
"Lincolnton, Lincolnton-Lincoln County Regional Airport",2026-04-26T23:35:00+00:00,46138.98263888889,66.2,52.7,60,14.76,101660,16090,61.775436835209,,,,,,BKN at 1490m,Mostly Cloudy,2026-05-03T16:57:07.107130+00:00
"Lincolnton, Lincolnton-Lincoln County Regional Airport",2026-04-26T23:15:00+00:00,46138.96875,66.74000000000001,53.24,80,11.16,101630,16090,61.844489720152,,,,,,CLR at Nonem,Clear,2026-05-03T16:57:07.107147+00:00
"Lincolnton, Lincolnton-Lincoln County Regional Airport",2026-04-26T22:55:00+00:00,46138.95486111111,68.0,53.6,60,14.76,101590,16090,60.000416407888,,,,,,CLR at Nonem,Clear,2026-05-03T16:57:07.107162+00:00
"Lincolnton, Lincolnton-Lincoln County Regional Airport",2026-04-26T22:35:00+00:00,46138.94097222222,68.9,53.78,90,16.56,101520,16090,58.559187605743,,,,,,CLR at Nonem,Clear,2026-05-03T16:57:07.107178+00:00
"Lincolnton, Lincolnton-Lincoln County Regional Airport",2026-04-26T22:15:00+00:00,46138.927083333336,71.06,54.14,60,16.56,101520,16090,55.120025735919,,,,,21.364800671993333,CLR at Nonem,Clear,2026-05-03T16:57:07.107193+00:00
"Lincolnton, Lincolnton-Lincoln County Regional Airport",2026-04-26T21:55:00+00:00,46138.913194444445,71.96,54.68,80,14.76,101490,16090,54.527155258428,,,,,21.89932016508111,CLR at Nonem,Clear,2026-05-03T16:57:07.107210+00:00
"Lincolnton, Lincolnton-Lincoln County Regional Airport",2026-04-26T21:35:00+00:00,46138.899305555555,71.78,53.78,70,14.76,101490,16090,53.088080892733,,,,,21.75174433442111,SCT at 1220m,Partly Cloudy,2026-05-03T16:57:07.107226+00:00
"Lincolnton, Lincolnton-Lincoln County Regional Airport",2026-04-26T21:15:00+00:00,46138.885416666664,71.78,55.04,60,18.36,101460,16090,55.583641487451,,,,,21.816906194394445,SCT at 1220m; SCT at 1520m,Partly Cloudy,2026-05-03T16:57:07.107243+00:00
"Lincolnton, Lincolnton-Lincoln County Regional Airport",2026-04-26T20:55:00+00:00,46138.87152777778,71.6,54.5,80,16.56,101460,16090,54.834981382305,,,,,21.687357847204446,SCT at 1220m; SCT at 1520m,Partly Cloudy,2026-05-03T16:57:07.107260+00:00
"Lincolnton, Lincolnton-Lincoln County Regional Airport",2026-04-26T20:35:00+00:00,46138.85763888889,72.86,54.5,80,12.96,101420,16090,52.549475161659,,,,,22.397680740332223,CLR at Nonem,Clear,2026-05-03T16:57:07.107277+00:00
"Lincolnton, Lincolnton-Lincoln County Regional Airport",2026-04-26T20:15:00+00:00,46138.84375,73.04,55.04,60,11.16,101420,16090,53.268639384947,,,,,22.52645891727389,SCT at 1070m,Partly Cloudy,2026-05-03T16:57:07.107293+00:00
"Lincolnton, Lincolnton-Lincoln County Regional Airport",2026-04-26T19:55:00+00:00,46138.82986111111,72.86,55.76,40,18.36,101420,16090,55.011822183355,,,,,22.46197535701,SCT at 1070m; SCT at 1250m,Partly Cloudy,2026-05-03T16:57:07.107310+00:00
"Lincolnton, Lincolnton-Lincoln County Regional Airport",2026-04-26T19:35:00+00:00,46138.81597222222,73.75999999999999,56.84,80,12.96,101420,16090,55.496957445089,,,,,23.024642777732776,,,2026-05-03T16:57:07.107327+00:00
"Lincolnton, Lincolnton-Lincoln County Regional Airport",2026-04-26T19:15:00+00:00,46138.802083333336,73.04,56.120000000000005,70,12.96,101420,11270,55.396827117099,,,,,22.582028263613335,,,2026-05-03T16:57:07.107343+00:00
"Lincolnton, Lincolnton-Lincoln County Regional Airport",2026-04-26T18:55:00+00:00,46138.788194444445,72.5,56.66,50,20.52,101460,16090,57.526481509682,,,,,22.307635906086112,CLR at Nonem,Clear,2026-05-03T16:57:07.107360+00:00
"Lincolnton, Lincolnton-Lincoln County Regional Airport",2026-04-26T18:35:00+00:00,46138.774305555555,71.96,56.66,40,16.56,101460,16090,58.585723024924,,,,,22.00529387898389,,,2026-05-03T16:57:07.107376+00:00
"Lincolnton, Lincolnton-Lincoln County Regional Airport",2026-04-26T18:15:00+00:00,46138.760416666664,70.88,57.2,60,16.56,101460,16090,61.965604509957,,,,,21.43354633998222,,,2026-05-03T16:57:07.107391+00:00
"Lincolnton, Lincolnton-Lincoln County Regional Airport",2026-04-26T17:55:00+00:00,46138.74652777778,69.62,57.56,50,16.56,101460,16090,65.527153564878,,,,,,BKN at 790m; BKN at 1010m,Mostly Cloudy,2026-05-03T16:57:07.107408+00:00
"Lincolnton, Lincolnton-Lincoln County Regional Airport",2026-04-26T17:35:00+00:00,46138.73263888889,71.6,58.82,70,18.36,101490,16090,64.09062804138,,,,,21.929033065525,,,2026-05-03T16:57:07.107423+00:00
"Lincolnton, Lincolnton-Lincoln County Regional Airport",2026-04-26T17:15:00+00:00,46138.71875,71.96,57.56,70,14.76,101490,16090,60.516791725245,,,,,22.05571622838111,,,2026-05-03T16:57:07.107439+00:00
"Lincolnton, Lincolnton-Lincoln County Regional Airport",2026-04-26T16:55:00+00:00,46138.70486111111,70.34,58.1,60,16.56,101490,16090,65.189848024724,,,,,21.187734920645557,,,2026-05-03T16:57:07.107455+00:00
